안전조직수준,위원회수준,인증보유,위험성평가수준,교육훈련도움,정리정돈상태,작업중지권,작업반장기여,전문지도,고용노동부감독,안전보건공단지원,공사규모,발주처,기성공정률,공사종류,외국인비율,사고발생,신체위험,차량위험,인당관리비,현장특성
1,0,0,2,5,4,4,4,0,0,0,1,1,6,7,0.0,0,2,1,0.00047071428571428573,1
2,2,0,2,5,5,5,5,0,0,0,2,2,1,6,0.0,0,3,1,0.005,1
2,2,1,2,3,3,2,2,0,1,1,3,2,6,3,20.0,1,2,3,0.00118549,1
2,2,0,2,5,5,5,5,0,1,1,1,2,4,4,40.0,0,1,2,0.00033468,1
2,2,0,2,5,5,5,5,0,0,0,1,2,3,1,60.0,1,3,3,0.0004484,1
2,2,0,2,4,5,5,3,0,0,1,2,1,2,1,0.0,0,2,4,0.00224265,1
2,2,1,2,5,5,5,4,1,1,1,3,2,4,3,10.0,1,2,3,0.02857142285714286,1
2,2,0,2,3,5,3,5,0,0,0,2,2,4,3,0.0,0,2,2,0.4999999,1
2,2,1,2,4,5,5,5,1,0,0,2,2,1,4,37.5,1,3,2,0.001,1
2,2,1,2,5,4,5,4,0,0,1,2,1,4,1,9.8,0,3,3,0.0004836274509803922,1
2,2,0,2,4,4,4,4,1,1,1,2,2,6,4,3.33,0,3,3,0.00033246666666666665,1
2,2,0,2,4,4,4,4,1,0,0,2,2,2,4,50.0,0,2,2,0.3333332666666667,1
2,2,1,2,5,4,5,5,0,0,1,3,1,1,5,10.0,0,1,3,0.00956385,1
2,1,0,0,5,5,5,5,0,0,0,1,2,5,4,0.0,0,2,1,2.6600000000000003e-05,2
2,2,0,2,4,3,4,4,0,0,0,1,2,3,3,43.48,0,2,2,0.08695650434782609,1
2,2,0,2,3,4,5,3,1,1,1,3,3,5,1,24.55,1,3,3,0.0012975818181818182,1
2,2,1,2,5,5,5,5,0,0,1,2,1,6,6,0.0,0,4,1,0.0017327272727272727,1
2,2,0,0,4,4,4,4,0,0,0,2,1,1,7,0.0,0,3,2,0.0035905,1
2,2,1,2,4,5,5,3,0,0,1,3,1,1,5,0.0,0,2,2,0.0081504,1
2,2,0,2,5,4,4,4,0,1,1,1,1,3,4,0.0,1,2,2,0.19999996,1
2,2,0,2,5,5,5,5,0,0,1,2,2,2,3,15.0,0,2,4,0.0015968,1
2,1,0,2,5,4,5,5,1,0,0,2,2,2,3,20.0,0,2,1,0.00078,1
1,0,0,1,4,3,3,4,1,1,1,1,2,2,3,40.0,0,1,3,0.6666665333333334,1
2,2,1,2,5,3,4,2,1,1,1,3,1,6,1,27.91,1,2,4,0.0008372093023255813,1
1,2,0,2,4,4,4,5,1,1,1,1,2,6,3,35.71,0,2,1,0.0008571428571428571,1
1,0,0,0,5,3,3,4,1,1,1,1,2,2,1,0.0,0,1,2,1.5e-05,1
2,1,1,2,4,4,4,4,0,0,1,2,1,2,5,0.0,0,2,2,0.00275,1
2,2,1,2,4,4,4,4,0,0,0,2,3,3,3,4.96,1,3,3,0.00041476859504132235,1
1,0,0,2,4,4,4,4,0,0,1,2,2,2,3,0.0,0,2,2,0.8333331666666667,1
2,2,0,2,3,4,5,3,0,1,1,3,2,3,1,23.08,1,2,3,0.03846153076923077,1
2,2,0,2,5,3,4,4,0,0,1,3,2,1,4,60.0,1,3,4,0.003336,1
2,2,0,2,5,5,5,4,1,1,1,2,2,1,1,0.0,0,3,3,0.00224,1
2,2,1,2,3,5,4,4,0,0,0,2,1,1,7,0.0,0,3,3,0.0031,1
2,2,0,2,4,4,5,4,0,1,1,3,1,3,5,4.0,0,1,2,0.0026666666666666666,1
2,0,0,2,5,4,5,4,0,0,0,1,2,6,7,0.0,0,2,1,1.111110888888889,2
2,2,0,0,5,4,5,5,0,0,1,2,2,1,1,0.0,0,3,3,0.0061952,1
2,2,0,2,3,3,3,4,0,1,1,1,3,3,3,6.0,0,2,3,0.000338,1
1,0,0,2,4,4,4,4,0,0,1,1,2,2,3,20.0,0,1,1,0.0009113,1
2,2,0,2,4,3,4,4,0,0,0,2,2,2,1,80.0,0,1,2,0.0015,1
2,2,0,2,4,4,4,4,0,0,1,1,3,1,1,25.0,1,3,3,0.0008,1
2,2,0,2,2,4,2,5,0,1,1,1,1,4,6,0.0,0,1,4,0.00022824,1
1,0,1,2,5,5,5,5,0,0,1,1,2,1,3,0.0,0,2,2,0.0017714,1
2,2,0,2,5,5,5,4,1,0,1,2,1,2,4,0.0,0,2,2,0.0012025999999999998,1
1,2,0,2,4,3,4,3,0,1,1,1,2,3,3,4.17,0,3,3,0.08333331666666667,1
2,2,0,2,5,4,5,5,0,1,1,1,2,3,4,43.33,1,2,2,0.0005103666666666667,1
2,2,0,2,4,4,4,4,0,1,1,2,2,3,3,12.5,1,3,3,0.0004048875,1
2,2,0,2,4,4,5,5,1,1,1,2,2,4,3,46.15,1,4,4,0.0007669846153846154,1
2,2,1,2,5,4,5,4,0,1,1,2,2,3,1,55.56,1,2,3,0.0009587888888888888,1
1,2,0,0,5,5,5,4,0,0,1,2,2,2,3,0.0,0,2,1,0.0022808888888888887,1
2,2,1,2,5,4,5,5,1,0,0,2,2,1,3,0.0,0,1,2,0.0070273,1
2,2,0,2,5,5,5,5,0,1,0,1,2,1,1,10.0,1,1,3,0.0015907,1
2,2,0,2,5,5,5,5,0,0,1,2,2,1,1,20.0,0,1,3,0.0017307,1
1,2,0,2,3,2,4,2,1,1,1,2,3,3,4,50.0,1,2,2,0.00046928,1
1,2,0,2,3,3,4,3,0,0,1,1,3,1,3,0.0,0,2,3,0.0011,1
2,2,1,2,4,4,4,3,1,0,1,3,3,1,4,6.67,0,3,3,0.007333333333333333,1
2,2,1,2,5,5,5,5,1,1,0,2,2,3,1,64.44,0,3,3,0.0009819333333333333,1
2,0,0,2,4,4,4,3,1,1,1,1,3,3,3,66.67,0,3,2,0.00019333333333333333,3
2,0,1,2,3,4,4,4,0,0,0,1,2,3,4,0.0,0,2,2,0.00025,1
2,2,0,2,4,5,5,5,1,1,1,2,2,2,1,40.0,1,2,1,0.00045346,1
2,2,1,2,5,5,5,5,0,0,1,2,2,6,3,0.0,0,3,4,0.0006006551724137932,1
1,0,1,0,4,1,4,4,0,1,0,1,2,1,3,50.0,0,2,3,0.0014745,1
1,2,1,2,4,4,4,5,0,1,1,2,2,3,3,33.33,1,2,3,0.0007384133333333333,1
1,2,1,2,5,4,5,4,0,1,1,2,2,4,3,37.5,1,1,1,0.0005131125,1
2,2,1,2,4,4,4,4,0,0,0,3,2,2,4,16.3,0,2,4,0.0013815217391304347,1
1,0,0,1,4,4,5,5,1,1,1,1,3,3,3,33.33,0,1,1,0.0002912666666666666,3
2,1,0,2,4,4,4,4,0,0,1,2,2,1,4,0.0,0,2,3,0.000436,1
2,2,0,2,5,5,5,4,0,0,1,2,3,2,2,30.0,0,3,2,0.00118,1
2,2,0,2,5,5,5,5,1,1,1,2,2,3,3,21.62,1,1,1,0.0007243243243243244,1
2,2,0,2,3,5,5,4,0,1,1,2,2,4,3,15.56,0,3,1,0.0004288888888888889,1
2,1,0,2,5,4,5,5,0,1,1,2,2,3,3,0.0,0,2,1,0.00035645714285714286,1
2,2,1,2,5,4,4,5,1,1,1,2,2,4,3,20.0,0,1,2,0.00035,1
1,0,0,2,4,3,4,3,0,1,1,1,2,4,3,0.0,1,2,3,0.0002926,1
2,2,0,2,5,5,5,4,0,0,1,1,2,2,3,0.0,0,3,4,0.00032109523809523805,1
2,2,0,2,4,4,4,4,0,0,1,3,1,4,5,14.55,0,2,4,0.006223927272727273,1
2,2,1,0,5,3,4,5,1,0,1,3,3,2,1,51.47,0,3,4,0.00125,1
2,2,1,2,5,4,3,4,0,1,1,2,2,6,4,5.56,1,2,3,0.00042896666666666667,1
1,0,0,2,5,5,5,5,1,1,1,1,1,2,4,66.67,0,2,2,0.00045076666666666665,1
0,2,0,2,3,3,3,4,0,0,1,1,1,4,6,0.0,1,2,4,0.0004166666666666667,2
1,2,0,2,3,4,4,4,0,1,0,1,2,3,1,53.33,0,1,2,0.0007792000000000001,1
2,2,1,1,2,2,5,4,0,1,1,3,3,5,1,18.42,1,3,3,0.0007368421052631579,1
2,2,1,1,4,4,5,5,0,0,0,3,2,1,1,0.0,0,2,3,0.008108108108108109,1
2,2,1,2,4,4,4,5,1,1,1,2,3,1,4,20.0,0,2,1,0.005495600000000001,1
2,2,1,2,4,4,4,3,1,1,1,2,1,1,4,0.0,0,2,2,0.003986233333333333,1
2,2,0,2,5,4,5,4,1,0,1,3,1,2,5,0.0,0,2,1,0.0085,1
2,2,0,2,4,3,4,4,0,0,1,1,1,2,4,0.0,1,3,2,6.2085e-05,1
2,0,0,2,5,4,5,4,0,1,1,1,2,2,4,3.33,0,3,2,4.903333333333333e-05,2
2,2,0,1,3,4,4,3,0,1,1,2,2,4,1,50.0,0,3,3,0.00035,1
2,2,1,2,4,4,5,5,1,0,0,2,2,2,1,16.67,0,2,3,0.0007,1
2,1,0,2,4,3,3,3,0,1,1,2,2,3,4,31.25,1,3,4,0.00075,1
2,2,0,2,4,4,4,4,1,0,1,3,2,1,1,0.0,0,3,2,0.15384612307692308,1
2,2,1,2,5,5,5,5,1,0,0,2,2,1,3,0.0,0,2,3,0.00630645,1
1,2,0,2,3,2,5,3,0,1,1,1,2,2,3,50.0,1,3,2,0.0005011666666666667,1
2,2,0,0,5,5,4,4,0,1,1,1,2,1,4,0.0,0,2,2,0.003958333333333334,1
1,2,1,2,5,5,5,5,0,0,1,2,1,3,3,0.0,0,1,3,0.0011828,1
2,2,1,2,5,4,5,4,0,1,1,3,1,4,5,28.67,1,3,4,0.0021622466666666664,1
1,1,0,2,4,3,4,3,0,1,1,2,2,2,1,45.45,1,2,2,0.000642290909090909,1
2,0,0,2,3,3,3,3,1,0,1,1,2,5,3,0.0,0,3,3,1.2964283121428555,2
2,1,1,1,3,3,3,3,0,1,1,2,1,2,1,55.56,0,3,5,0.0008892666666666666,1
2,2,1,2,5,5,5,5,0,1,1,2,2,6,4,0.0,0,2,3,0.00101,1
1,2,0,0,5,5,5,5,1,1,1,1,2,4,2,60.0,0,1,1,0.00178,1
2,2,0,2,4,4,4,2,1,1,1,3,1,3,5,18.18,0,3,3,0.002818181818181818,1
2,2,1,2,5,5,5,4,1,1,1,3,2,2,4,60.0,0,2,2,0.00910126,1
1,2,0,2,4,5,4,4,0,1,1,1,2,2,3,24.0,1,3,2,0.0006452000000000001,1
2,2,1,2,4,3,5,4,0,0,0,2,2,1,3,28.57,0,3,4,1.2964283121428555,1
2,2,0,2,4,3,4,4,1,0,0,3,3,3,2,22.22,1,2,2,0.007121893333333334,1
1,1,0,2,3,4,4,4,0,1,1,2,2,3,3,42.86,0,4,1,0.000788,1
1,2,0,2,3,4,5,4,0,1,0,1,2,5,4,33.33,1,3,3,0.0002607111111111111,1
2,2,0,2,5,5,5,5,0,0,1,2,2,6,2,13.33,1,3,3,0.0006855555555555556,1
2,2,1,2,4,3,4,3,1,1,1,3,3,4,1,50.0,0,3,2,0.0015564675,1
2,2,0,2,5,5,4,5,1,1,1,1,3,2,3,0.0,0,3,3,0.001653,1
2,2,1,2,3,4,4,3,1,0,1,2,2,1,3,0.0,0,3,3,0.4999999,1
1,0,0,2,4,3,3,3,1,1,1,1,2,5,1,50.0,0,3,3,0.0003863,1
1,2,0,2,3,3,5,5,1,1,1,1,2,2,3,50.0,0,5,3,0.0006144,1
2,2,0,2,5,5,5,5,0,0,1,2,2,3,4,6.67,1,2,2,0.0007503833333333333,1
2,1,0,2,4,4,4,3,0,1,1,1,2,4,3,50.0,0,3,1,0.0003926,1
2,2,0,2,4,3,4,3,0,1,1,2,2,3,4,16.67,0,3,2,0.0005977333333333333,1
2,2,1,2,5,5,5,5,0,0,0,3,2,1,4,0.0,0,1,2,0.0048053,1
1,2,0,2,4,4,4,5,0,1,1,2,2,1,1,0.0,0,3,1,0.00135,1
1,1,0,2,3,4,4,3,0,1,1,2,1,2,4,0.0,0,2,3,0.0021176470588235292,1
1,2,0,2,4,4,4,4,0,1,1,1,2,3,3,33.33,0,2,2,0.00013853333333333333,1
2,2,1,2,5,5,5,5,1,0,1,3,3,4,1,29.17,0,3,3,0.001171955357142857,3
2,2,1,0,4,3,4,3,1,0,0,2,2,2,2,0.0,0,3,3,0.00145,1
2,1,0,2,4,4,4,4,0,0,0,2,1,1,7,0.0,0,3,3,0.009437666666666665,1
2,2,0,2,3,4,4,4,1,1,1,2,3,2,1,27.78,0,3,1,0.0008688111111111111,1
2,2,1,2,4,3,5,4,0,1,1,3,2,2,4,33.33,0,2,4,0.0002763188888888889,1
2,2,1,2,5,5,5,5,0,0,0,3,2,1,2,7.94,0,2,3,0.004656412698412699,1
2,2,0,2,3,3,5,3,1,1,1,2,2,5,3,5.71,0,1,1,0.02857142285714286,3
1,0,0,2,3,4,4,4,1,1,0,1,2,1,4,0.0,0,2,3,0.000575,3
2,2,0,2,4,5,4,3,0,0,1,2,2,1,1,0.0,0,2,3,0.0038594000000000002,1
2,1,0,2,4,3,3,5,0,1,0,2,2,2,3,76.92,1,3,1,0.0010698461538461539,1
2,2,1,2,4,3,4,4,0,0,0,2,2,6,3,30.0,1,3,4,0.00064035,1
2,2,1,2,5,5,5,5,1,0,1,2,1,5,3,17.65,0,3,4,0.0004700470588235294,1
2,0,0,2,4,4,5,5,0,0,1,1,2,4,4,0.0,1,2,2,0.00045,1
2,2,1,2,4,4,5,3,0,1,1,3,2,2,2,21.74,1,3,4,0.0009565217391304347,1
2,2,1,2,5,4,5,5,0,1,1,2,2,6,1,0.0,1,3,1,0.0129208,1
2,2,0,2,5,5,5,5,0,1,1,2,2,3,4,58.33,0,2,2,0.0004570833333333333,1
2,2,0,2,5,4,5,4,1,0,1,3,2,5,4,6.15,0,3,4,0.0003247184615384616,1
2,2,0,1,4,4,4,4,1,1,1,2,2,2,3,0.0,1,3,2,0.00044993548387096776,1
2,2,1,2,4,5,3,3,0,0,0,3,2,1,3,12.5,0,3,4,0.0103025,1
2,0,0,2,5,5,4,5,0,0,0,1,2,1,4,44.44,0,3,3,0.0017777777777777779,1
2,2,1,2,4,3,4,3,0,0,1,2,2,3,4,50.0,0,2,3,0.0006225,1
2,2,0,2,4,4,5,5,1,1,1,3,2,1,4,0.0,0,2,1,0.0066,1
2,2,1,2,5,5,5,5,0,0,1,2,2,5,1,0.0,0,5,3,0.3124999375,1
2,2,1,2,4,5,5,4,0,0,0,1,1,5,6,0.0,0,2,2,0.001,1
2,2,0,2,5,5,5,4,0,1,1,1,2,4,3,0.0,1,2,2,0.000695,1
2,2,1,0,4,5,5,4,0,1,1,2,2,5,4,5.0,1,2,3,0.00038201666666666664,1
1,2,0,2,3,4,4,3,0,0,0,2,2,2,3,20.0,0,3,4,0.001815,1
1,0,0,2,3,5,5,4,1,1,1,1,2,4,3,10.0,1,3,3,0.0004688333333333333,1
2,2,0,1,3,4,4,3,0,1,1,2,2,4,3,30.0,1,3,1,0.00047982,1
2,2,1,2,4,4,4,4,0,0,0,2,2,1,3,20.0,0,1,2,0.0027043,1
1,2,0,2,5,4,5,5,1,1,1,1,3,1,3,71.43,0,2,4,0.000391,3
1,2,0,0,5,5,5,4,0,0,0,1,2,1,3,0.0,0,2,2,0.01252,1
1,2,0,2,4,5,4,4,1,1,1,1,2,3,2,0.0,0,2,2,0.00051185,1
2,1,0,2,4,4,5,4,1,1,1,3,1,3,4,0.0,1,2,3,0.0009333333333333333,1
1,2,0,2,4,5,4,5,1,1,1,2,1,1,7,0.0,0,2,1,0.0033,2
2,2,0,0,4,5,5,4,1,0,0,1,2,1,3,0.0,0,1,2,0.0011,1
2,1,0,2,4,3,3,3,0,0,0,1,2,5,3,23.33,1,2,1,0.0002611,1
2,2,1,2,3,3,5,4,0,1,1,2,2,2,3,36.67,0,3,3,0.0007333333333333333,1
2,2,1,2,5,5,5,5,0,0,1,2,2,1,6,0.0,0,3,1,0.5555554444444445,1
2,2,0,2,4,4,5,5,0,0,1,1,2,5,3,16.67,0,3,1,0.27777772222222225,1
2,2,1,2,5,5,5,5,0,0,1,2,2,6,4,12.5,0,1,1,0.000725,1
2,2,0,2,4,4,4,3,0,1,1,3,3,3,4,12.5,0,2,2,0.0063496,1
2,2,1,2,5,4,5,4,0,1,1,2,1,5,2,49.38,0,2,1,0.000688641975308642,1
2,0,1,2,5,5,5,5,1,0,1,1,1,4,7,0.0,0,4,3,0.002154,1
2,2,0,2,5,5,5,4,0,1,1,1,3,3,3,40.0,0,2,3,0.00083628,1
2,2,1,2,5,4,5,5,0,0,1,3,2,4,4,30.0,1,3,1,0.00075,1
2,2,0,2,4,4,5,5,0,0,1,2,2,2,1,22.22,0,2,1,0.22222217777777778,1
1,2,0,2,4,5,4,5,1,0,1,2,3,1,3,0.0,1,3,3,0.001615,1
2,2,0,2,3,4,4,4,1,1,1,1,3,3,3,25.0,0,4,2,0.0004415,1
2,2,0,2,4,4,4,4,1,1,1,1,2,5,3,14.29,1,2,1,0.00038857142857142855,1
2,2,0,2,5,5,5,4,0,0,0,2,2,1,2,25.0,0,2,3,0.006725,1
2,2,0,2,5,4,5,4,0,1,1,2,2,4,4,30.0,0,3,3,0.00044619,1
2,2,1,2,5,4,5,4,0,1,1,3,3,1,1,0.0,0,4,5,0.0022457831325301205,1
2,2,0,2,5,5,5,5,0,1,1,1,2,2,4,40.0,0,1,3,0.000195,1
2,2,0,2,4,4,5,4,0,1,1,2,2,5,1,8.33,0,3,4,0.0008430333333333334,1
2,2,0,2,3,4,4,3,0,1,0,2,1,6,4,3.75,1,3,3,0.000631775,1
2,2,1,2,4,4,4,3,1,1,1,3,3,3,1,44.44,1,1,4,0.0012666666666666668,1
2,2,0,2,4,4,5,5,0,0,1,3,2,2,4,3.33,0,3,1,0.3333332666666667,1
2,2,0,1,4,4,5,4,0,0,0,1,2,3,3,0.0,0,4,3,0.5555554444444445,1
2,2,1,2,4,3,3,3,0,1,1,2,1,6,3,0.0,0,2,1,0.00246275,1
2,2,1,2,5,5,3,2,0,0,0,3,2,1,1,3.85,0,4,3,0.009690076923076925,1
2,1,0,2,4,5,4,4,0,1,1,2,2,4,3,71.43,1,2,2,0.00039504285714285714,1
2,1,1,2,4,5,5,4,0,1,1,1,2,3,1,50.0,1,2,3,0.16666663333333334,1
2,2,0,2,5,5,5,4,0,0,1,2,2,5,3,23.08,1,3,1,0.15384612307692308,1
2,2,1,2,4,3,5,4,1,0,1,2,2,4,3,20.0,0,2,1,0.01,1
2,2,1,2,5,4,5,4,0,1,1,3,2,5,4,7.14,0,3,3,0.0005350357142857143,1
2,2,1,2,5,5,5,5,1,1,1,3,2,6,1,4.44,0,3,2,0.0015739888888888888,1
2,1,0,2,4,3,3,4,1,1,1,1,2,5,3,0.0,1,2,3,0.00015222222222222224,1
1,0,0,0,5,4,5,4,0,0,0,1,3,5,7,0.0,1,2,2,0.0007243999999999999,1
1,2,0,2,4,5,4,4,0,0,1,2,2,3,3,33.33,0,4,1,0.00024222222222222223,1
2,1,0,2,2,3,3,3,0,0,1,2,2,2,4,50.0,0,3,3,0.001,1
1,1,0,2,2,3,3,2,0,0,1,2,2,2,3,0.0,0,4,4,0.0056388666666666665,1
2,1,1,2,5,5,5,5,0,1,1,2,2,2,3,0.0,0,2,2,0.0002664942528735632,1
1,2,0,2,4,4,4,4,1,1,1,1,2,3,3,45.45,0,3,1,0.0002431818181818182,1
2,2,1,2,5,5,5,4,1,1,1,2,2,2,4,40.0,1,1,2,0.0006666666666666666,1
2,2,1,2,3,3,4,3,0,0,1,2,2,2,3,76.0,1,2,1,0.000756,1
2,2,1,1,3,2,5,3,1,0,0,2,2,2,4,30.0,0,3,3,0.09999998,1
1,2,0,0,4,4,3,3,1,1,1,1,3,4,4,0.0,0,1,3,0.00042627999999999996,1
2,2,1,2,5,5,5,5,0,0,1,3,1,2,4,0.0,0,3,1,0.00152,1
2,1,0,2,4,4,5,4,0,0,1,2,3,2,4,50.0,0,2,2,0.0026511,1
2,0,0,0,4,4,5,4,0,1,1,1,2,3,4,12.0,0,3,3,0.00036963999999999996,1
2,2,0,2,4,4,4,4,0,0,1,1,2,4,4,0.0,1,3,2,0.9999998,1
2,2,0,2,5,5,5,5,0,1,1,2,2,3,4,11.43,1,2,2,0.0008371428571428572,1
2,2,0,2,4,5,4,4,0,1,1,2,2,6,6,0.0,0,2,2,0.0027908000000000004,1
2,0,1,2,5,4,5,5,0,1,1,1,1,3,6,0.0,0,2,3,0.000187375,2
2,2,0,2,5,4,5,4,0,1,1,2,2,4,3,0.0,1,2,2,0.0004642857142857143,1
1,2,0,2,4,4,5,5,1,1,1,2,2,4,3,26.67,0,4,4,0.0004991333333333333,1
2,0,1,0,4,4,3,4,1,1,0,2,2,6,4,0.0,1,3,1,0.39999992,1
2,2,0,2,4,5,5,5,0,0,1,1,3,1,3,0.0,0,2,3,0.0008831538461538462,1
2,2,0,2,5,5,4,5,0,1,1,2,3,1,3,0.0,0,3,2,0.004378166666666667,1
2,2,1,2,5,5,5,5,0,0,1,3,2,2,3,40.0,1,2,3,0.19999996,1
2,2,0,2,5,5,4,4,0,1,1,2,2,1,3,0.0,0,2,2,0.14583333333333334,1
1,2,0,2,5,4,3,3,0,1,1,2,3,2,3,40.0,0,3,4,0.003260466666666667,1
2,2,0,2,4,4,4,4,1,0,1,2,3,2,3,44.44,0,4,2,0.22222217777777778,1
2,2,1,2,4,5,4,5,0,0,1,1,1,6,1,55.56,1,4,3,0.00011526111111111111,1
1,0,0,0,4,4,4,4,1,1,1,1,2,3,5,0.0,0,2,4,0.0016833333333333333,1
2,2,1,2,4,4,4,4,0,0,1,3,3,1,1,2.22,0,3,4,0.006,1
1,0,0,2,5,5,5,5,1,1,1,1,1,6,3,10.34,0,1,1,0.00033448275862068964,3
2,2,1,2,4,4,4,4,0,0,0,2,3,2,1,30.0,0,4,4,0.000822,1
2,2,0,2,4,4,3,4,1,0,1,2,3,2,1,31.25,0,2,2,0.124999975,1
2,2,0,1,4,4,4,3,0,0,1,2,3,2,3,50.0,0,2,2,0.0005,1
2,1,1,2,3,4,3,3,0,1,1,2,2,3,1,22.86,1,3,3,0.0016824285714285713,1
2,2,0,0,5,5,5,5,0,1,1,2,2,4,3,0.0,1,2,2,0.0009173300000000001,1
2,2,1,2,3,3,4,3,1,1,1,2,2,5,3,20.0,1,2,3,0.00045759333333333333,1
2,1,0,2,3,4,4,4,0,0,0,2,2,1,3,0.0,0,2,3,0.004878100000000001,1
2,2,1,2,4,4,4,3,0,1,1,3,2,5,1,30.0,1,2,2,0.00102,1
1,2,0,2,4,4,4,4,0,0,1,1,2,2,3,66.67,0,2,2,0.00056025,1
2,0,1,2,4,4,4,4,1,1,1,1,1,3,3,50.0,1,2,2,0.000318125,1
2,1,0,2,3,3,3,4,0,1,1,2,2,5,3,10.0,1,2,1,0.00038414,1
1,1,0,0,4,4,4,5,0,1,1,2,2,4,1,8.33,1,2,1,0.0003166666666666667,1
2,1,0,2,5,4,5,4,1,1,0,2,2,3,3,9.09,1,4,1,0.0006880181818181818,1
2,1,0,2,4,5,4,5,1,0,0,3,1,2,6,0.0,0,3,4,0.000175,1
2,1,1,2,5,5,5,4,0,0,0,2,2,2,3,0.0,0,4,4,0.004488590909090909,1
2,1,1,2,5,4,5,5,1,0,0,2,2,2,1,10.0,0,1,2,0.00726013,1
2,1,1,2,4,4,5,5,1,1,1,3,2,2,1,33.04,0,3,4,0.0014782608695652175,1
2,1,1,2,5,5,5,5,1,0,0,3,2,2,1,0.0,0,2,1,0.05333333333333334,1
2,2,1,2,5,5,5,5,0,0,1,2,2,2,4,35.0,1,2,4,0.0032,1
2,2,1,2,5,5,5,4,0,0,1,3,1,1,1,0.0,0,1,3,0.018285714285714287,1
2,2,0,2,5,5,5,5,0,1,1,2,2,3,1,28.57,1,2,1,0.1428571142857143,1
2,2,0,2,5,5,5,5,0,0,0,2,2,1,3,0.0,0,1,1,0.00125,1
2,2,1,2,5,4,5,5,0,1,1,2,1,3,3,18.75,0,2,3,0.0008993812500000001,1
2,2,0,2,5,5,5,5,1,0,1,2,2,2,4,0.0,0,1,4,0.0027083333333333334,1
2,2,0,2,5,4,4,4,0,1,1,2,2,5,4,14.29,1,1,1,0.0004191666666666667,1
2,0,0,2,5,3,5,4,0,1,1,1,2,3,3,35.71,0,2,2,0.0004902142857142858,1
2,1,0,2,3,3,3,3,0,0,0,2,2,1,3,0.0,0,2,3,0.008243125,1
2,2,0,2,4,4,4,4,1,1,1,3,1,3,4,21.43,1,4,4,0.0006611328571428572,1
2,2,0,2,5,5,5,5,0,0,0,2,2,2,3,66.67,0,2,1,0.22222217777777778,1
2,2,1,2,5,5,5,5,0,1,1,2,1,4,1,20.0,0,2,1,0.000608525,1
2,2,0,2,5,5,4,5,0,1,1,2,2,4,1,58.33,0,2,1,0.0008333333333333334,1
2,2,0,2,5,5,4,5,0,1,1,2,1,6,6,0.0,1,1,1,0.0003916666666666667,1
2,2,0,2,5,5,4,5,0,1,1,2,2,2,3,71.43,1,1,1,0.0009257142857142857,1
2,2,0,2,5,5,5,5,0,1,1,3,2,3,1,42.86,1,2,1,0.0008571428571428571,1
2,2,0,2,5,5,5,5,0,0,0,2,2,1,3,0.0,0,2,1,0.00222,1
2,0,0,2,5,3,2,2,0,1,1,2,1,2,3,0.0,0,2,4,0.00115740625,3
1,2,0,2,4,3,4,5,0,1,1,2,1,3,4,10.0,0,2,2,0.0005,1
1,2,0,2,5,5,5,5,1,1,1,2,2,2,3,50.0,0,3,1,0.0017917,2
2,2,1,2,5,5,5,5,0,0,1,3,2,3,3,12.5,1,2,3,0.0015951712500000001,1
2,2,1,2,5,4,4,4,0,1,1,2,2,6,4,4.29,0,2,2,0.00044965714285714284,1
2,2,0,1,4,3,5,3,0,1,1,1,2,3,3,60.0,1,3,3,0.00036,1
2,1,0,2,5,4,5,4,0,1,1,2,2,1,3,9.09,0,2,1,0.0013136363636363638,1
2,2,0,2,5,5,4,5,0,0,0,1,2,2,3,37.5,0,2,1,0.24999995,1
2,2,0,2,5,5,5,5,0,0,0,3,1,1,1,11.11,0,1,1,0.11111108888888889,1
2,2,0,2,5,5,5,5,0,1,1,1,2,1,3,0.0,0,1,1,0.9999998,1
2,2,0,2,5,5,5,5,0,0,0,1,2,1,3,0.0,0,1,1,0.0016666666666666668,1
2,2,0,2,5,5,5,5,0,1,1,2,2,1,3,0.0,1,1,1,1.24999975,1
2,2,1,2,4,4,4,4,0,0,0,3,2,1,1,7.97,0,3,4,0.006060246376811594,1
2,2,0,2,5,5,5,5,0,0,0,2,2,1,4,0.0,0,1,3,0.006741,1
2,2,1,2,4,4,4,3,0,0,0,3,1,1,5,0.0,0,2,4,0.09999998,1
2,2,1,1,5,4,4,3,0,1,1,2,2,2,3,40.0,0,2,4,0.0012268399999999999,1
2,2,1,2,3,4,5,3,0,1,1,2,2,2,1,44.0,1,1,4,0.00154956,1
2,2,1,2,4,4,5,4,0,0,0,3,1,6,5,8.33,1,1,1,0.0013136166666666666,1
2,2,1,2,5,5,5,3,0,0,1,2,2,2,1,33.33,0,1,4,0.0017408888888888888,1
2,2,1,2,4,3,5,4,1,0,1,2,3,4,1,28.0,0,3,4,0.00032114,1
1,0,0,1,3,4,4,5,0,1,1,1,2,1,4,25.0,0,3,3,0.001478875,1
2,2,0,0,5,4,5,5,0,0,0,2,3,1,1,10.0,0,2,2,0.3333332666666667,1
2,2,1,2,4,4,4,4,0,0,0,3,2,2,1,27.05,0,3,3,0.0019205819672131147,1
2,0,0,2,4,4,4,3,0,1,1,2,2,1,3,0.0,0,3,2,0.9999998,1
1,2,0,0,4,4,3,3,1,0,1,1,2,5,3,24.0,0,1,1,0.19999996,1
1,2,0,2,4,3,2,3,0,0,0,2,1,2,1,57.14,0,2,4,0.0006214285714285715,1
2,2,1,2,5,5,5,5,0,1,1,3,2,2,5,35.0,0,3,3,0.04999999,1
2,2,0,2,5,5,5,5,1,1,1,3,1,1,1,10.0,0,5,5,0.00136925,1
2,2,1,2,5,5,5,5,0,1,1,3,2,5,2,0.0,0,3,1,0.02857142285714286,1
2,2,0,2,5,5,5,5,0,1,1,2,2,6,3,66.67,0,2,1,0.0006666666666666666,1
2,2,1,2,5,5,5,4,0,0,1,3,2,2,3,4.0,0,2,4,0.007328,1
2,2,1,2,5,5,5,4,0,0,0,3,1,1,5,0.0,0,3,4,0.08901139999999999,1
2,2,0,2,5,5,5,5,0,0,1,1,2,1,3,0.0,0,1,1,0.35714278571428576,1
2,2,0,2,5,5,5,5,0,1,1,1,3,3,3,22.22,0,1,1,0.22222217777777778,1
2,2,0,2,5,5,5,5,0,0,0,2,2,1,4,20.0,0,2,1,0.0032666666666666664,1
2,2,0,2,5,5,5,5,0,1,1,2,2,3,3,48.48,0,2,1,0.3030302424242424,1
2,2,0,2,5,5,4,5,0,0,1,1,2,1,3,0.0,0,2,1,0.624999875,1
2,2,0,2,5,5,4,5,0,0,1,2,2,2,3,28.57,0,2,1,0.2857142285714286,1
2,2,0,2,5,5,5,5,0,1,1,3,2,5,1,10.0,0,2,1,0.0007625,1
2,2,0,2,5,5,4,5,0,1,1,3,1,1,1,40.0,0,1,1,0.003,1
2,2,0,2,5,5,5,5,0,1,1,3,2,4,1,46.67,1,1,1,0.0011226666666666668,1
2,2,0,2,5,5,5,5,0,1,1,3,1,2,1,23.2,1,2,1,0.0009873479999999999,1
2,2,0,2,5,5,5,5,0,1,1,3,2,2,1,30.3,0,2,1,0.0007272727272727272,1
2,2,0,2,5,5,4,5,1,1,1,3,2,4,1,80.0,1,2,1,0.0005,1
2,2,0,2,5,5,5,5,0,1,1,3,2,1,1,16.67,0,2,1,0.005833333333333333,1
2,2,0,2,5,5,5,5,0,0,0,2,2,1,3,0.0,0,1,1,0.5882351764705882,1
2,2,0,2,5,5,4,5,0,0,0,2,2,2,3,0.0,0,1,1,0.5555554444444445,1
2,2,0,2,5,5,5,5,0,1,1,3,2,5,1,18.04,1,2,1,0.0005567010309278351,1
2,2,0,2,5,5,5,5,1,1,1,3,2,4,1,33.33,1,1,1,0.0012,1
2,2,0,2,5,5,4,4,0,0,1,1,2,4,3,0.0,1,3,2,0.000325,1
2,2,1,2,5,5,5,4,0,0,1,1,2,4,3,33.33,0,3,1,0.5555554444444445,1
2,0,0,2,4,5,5,5,0,0,1,1,2,2,3,62.5,0,3,1,0.624999875,1
2,2,0,2,5,5,5,5,0,1,1,1,2,2,3,30.0,1,2,1,0.00032605000000000004,1
1,2,0,0,4,4,4,4,0,1,1,1,2,5,1,0.0,1,1,1,0.00034505,1
2,2,0,2,4,4,4,3,0,0,1,2,2,2,3,0.0,0,3,3,0.3333332666666667,1
2,1,1,2,4,3,4,3,0,1,0,2,2,3,3,29.33,1,4,2,0.0008853333333333333,1
2,1,1,2,4,4,4,3,0,0,1,3,3,6,1,45.0,1,2,5,0.00075,1
2,0,1,2,4,3,3,4,1,1,1,1,2,3,3,78.57,1,3,1,0.0007,1
2,2,0,2,3,3,2,2,0,0,0,3,1,1,1,0.0,0,3,2,0.0090185,1
2,2,0,2,4,3,5,4,0,0,1,2,1,2,6,0.0,1,2,2,0.0010333333333333332,1
2,1,0,2,4,4,4,4,0,1,1,2,2,5,3,13.16,0,3,3,0.0005263157894736842,1
2,2,0,2,4,4,4,3,0,0,1,2,2,3,3,66.67,1,2,3,0.0007302000000000001,1
2,2,1,2,4,4,4,4,1,0,0,2,2,2,4,22.22,1,1,2,0.0010116944444444444,1
2,2,0,2,5,5,4,5,0,1,1,1,2,5,3,0.0,0,2,1,0.19999996,1
2,2,0,2,5,5,5,5,0,1,1,2,2,4,3,16.67,1,2,1,0.0002666666666666667,1
2,1,0,2,4,4,4,4,1,0,0,1,1,2,4,0.0,0,2,2,0.0007304347826086956,1
2,1,1,2,5,4,5,4,0,0,0,2,1,2,4,0.0,0,3,2,0.0007765185185185185,1
2,2,0,2,4,4,5,4,0,1,1,3,3,6,1,40.0,1,2,4,0.0010920666666666666,1
1,2,0,0,4,4,5,5,0,1,1,1,2,3,4,40.0,0,3,3,0.00051592,1
1,2,0,2,5,5,5,4,0,0,1,2,2,1,3,0.0,0,3,1,0.0020183333333333334,1
1,2,0,2,3,5,5,4,0,0,1,2,2,3,3,26.0,0,4,3,0.00042918,1
2,1,0,2,4,5,4,4,1,0,0,2,1,2,4,0.0,0,2,2,0.00084,1
2,1,1,2,4,4,5,4,0,0,0,2,2,4,1,20.0,1,2,2,0.00064785,1
2,1,1,2,4,5,4,4,0,0,0,2,2,1,1,0.0,0,3,2,0.00148,1
2,2,1,2,5,5,5,5,0,1,1,3,2,4,1,12.99,1,2,1,0.0005194805194805195,1
2,2,1,2,5,5,5,4,1,0,1,2,2,1,3,0.0,0,3,3,0.0016662,1
2,1,1,2,5,5,5,4,1,1,1,2,2,2,4,16.67,0,2,4,0.16666663333333334,1
2,2,0,1,2,4,4,3,0,1,1,1,2,3,3,31.67,0,3,5,0.0002335166666666667,1
2,2,0,2,4,4,4,3,0,0,0,1,2,1,1,0.0,0,2,2,0.5263156842105263,1
1,2,0,2,4,4,4,4,0,1,0,3,2,3,3,20.0,1,2,1,0.00845,1
2,1,0,2,4,3,4,3,1,1,1,2,1,2,1,0.0,0,2,4,0.0007466666666666666,1
2,2,1,2,5,5,5,3,0,1,1,3,2,5,1,33.33,0,2,5,0.0009674666666666667,1
2,2,1,2,4,4,4,5,0,0,1,2,2,4,4,8.57,1,2,3,0.0016574285714285714,4
2,2,0,2,5,4,5,4,0,1,1,2,1,2,6,0.0,0,2,3,0.0007688666666666666,1
2,2,1,2,5,5,5,5,0,0,1,3,1,1,5,14.29,0,2,2,0.06286057142857143,1
2,2,0,1,4,4,4,4,0,1,0,1,1,2,7,0.0,0,2,3,0.0006836470588235294,1
2,2,0,2,4,4,4,3,1,1,1,1,2,4,4,0.0,0,2,2,0.0008,1
2,2,0,2,4,3,5,4,0,1,1,2,3,6,4,0.0,1,1,1,1.2964283121428555,1
2,2,1,2,5,4,3,4,0,0,1,3,2,1,1,0.0,0,2,4,0.0044614,1
2,1,0,2,4,3,4,5,1,0,0,2,1,3,1,28.57,0,3,3,0.0001864285714285714,2
2,2,0,2,4,4,4,4,0,0,0,1,2,4,3,0.0,0,3,3,0.001902,1
2,2,1,2,4,4,4,4,0,1,0,2,1,2,5,34.0,0,3,4,0.0022504400000000003,1
2,2,0,2,5,5,5,5,1,0,1,2,2,1,3,0.0,0,1,3,0.0020970833333333336,1
2,2,1,2,5,4,5,3,0,0,0,2,1,2,1,38.75,0,2,2,0.0010757750000000002,1
2,1,1,2,5,5,4,4,1,0,0,3,2,4,2,28.5,1,2,2,0.0007374248704663213,1
2,2,1,0,4,4,4,3,0,0,0,3,2,3,4,27.03,1,2,2,0.0009929594594594595,1
2,0,0,1,4,4,4,5,1,0,1,1,2,3,3,33.33,0,4,2,0.0006166666666666666,1
2,0,0,0,5,5,5,5,1,0,1,1,2,1,1,0.0,0,3,1,0.00087,1
2,1,0,1,4,5,5,5,1,0,1,2,2,2,3,0.0,0,4,2,0.4999999,1
2,0,0,2,3,3,4,4,0,1,0,2,1,5,1,54.55,0,4,4,0.09090907272727272,2
2,2,1,2,4,4,5,3,1,1,1,2,2,5,2,0.0,1,3,4,0.0008153866666666666,1
2,2,0,2,5,4,5,5,0,1,1,1,2,3,3,73.33,0,1,1,0.000429,1
2,2,0,2,5,4,5,5,0,0,1,1,2,2,1,40.0,0,2,2,0.00048,1
2,2,1,2,4,4,4,5,1,1,1,2,2,2,3,5.0,0,2,2,0.001045,1
2,2,1,2,4,2,5,4,0,1,1,2,1,5,4,37.5,0,3,5,0.0009575375,1
2,2,0,2,5,5,5,5,1,0,1,2,1,6,3,0.0,1,2,2,0.00202,1
2,2,0,2,5,5,5,5,0,1,1,2,2,2,3,28.57,0,2,3,0.00042032857142857143,1
2,2,0,2,3,3,4,4,0,0,1,1,2,4,4,40.0,0,4,1,0.00048896,1
2,2,0,2,5,5,5,5,0,1,0,2,2,6,1,70.0,0,2,3,0.000556,1
1,1,1,2,4,4,4,4,1,0,1,2,2,1,1,0.0,0,2,3,0.0026666666666666666,3
2,1,0,2,5,4,5,5,1,1,1,2,1,3,1,17.86,0,2,1,0.0005141428571428571,1
2,2,1,2,5,5,4,5,1,1,1,3,2,4,3,55.56,1,2,4,0.0009287861111111111,1
2,2,0,2,5,4,5,4,0,0,1,2,2,2,3,25.0,0,2,2,0.0007,1
2,2,1,2,4,5,5,5,1,1,1,2,2,6,4,53.33,1,4,1,0.00025560666666666666,1
2,2,0,2,5,4,4,5,0,1,1,2,2,2,3,60.0,0,4,1,0.0008,1
2,2,0,2,4,5,5,5,0,0,1,2,2,6,3,23.33,1,1,2,0.0014333333333333333,1
2,2,1,2,4,3,4,3,0,1,1,2,1,2,4,22.22,0,2,3,0.012380788888888888,1
2,2,0,2,3,4,2,3,0,1,1,1,3,2,4,0.0,0,2,2,1.2964283121428555,1
2,2,1,2,4,4,5,4,1,1,1,3,2,3,1,40.0,1,5,1,0.01072838,1
2,2,0,2,4,3,3,3,1,1,1,2,2,4,3,20.0,1,3,2,0.00073062,1
2,2,0,0,4,4,4,4,0,1,1,3,1,1,5,0.0,0,2,1,0.12,1
2,1,0,2,4,5,4,4,1,0,1,2,2,4,7,1.0,1,3,3,0.0004245,1
2,0,0,2,4,5,5,5,0,1,1,2,2,3,3,10.0,1,4,3,0.00036,1
1,0,1,2,5,5,5,5,1,1,1,2,2,2,3,25.0,0,2,2,0.0009789,1
2,2,0,2,4,3,5,3,1,1,1,3,1,4,1,66.67,1,2,5,0.0007468444444444444,1
2,2,0,2,4,4,5,5,0,1,1,2,2,6,3,28.57,0,2,3,0.0006357428571428571,1
2,2,0,2,4,5,4,5,0,1,1,2,2,3,4,27.03,0,2,2,0.002972972972972973,1
1,2,0,2,4,5,4,5,0,0,0,2,2,3,3,20.0,1,3,2,0.00032354000000000004,1
2,2,0,2,4,4,5,5,0,0,1,1,2,4,3,0.0,0,3,2,0.0008,3
2,2,0,2,4,4,5,5,1,0,0,3,2,3,1,50.0,0,2,3,0.00094259,3
2,2,0,2,4,5,5,4,0,0,1,3,2,3,1,46.43,1,2,3,0.0008214285714285715,1
2,2,0,2,4,5,4,4,1,0,1,3,2,4,1,22.73,1,2,2,0.0006363636363636364,1
2,2,1,2,5,5,5,5,0,0,1,3,2,1,3,0.68,0,2,3,0.027450380952380955,1
2,2,0,0,5,5,5,5,0,0,0,1,3,1,3,0.0,0,1,4,0.00337875,1
2,2,1,2,5,5,5,5,1,0,0,2,3,1,4,20.0,0,1,2,0.002985,1
2,2,1,2,5,5,5,4,0,1,1,2,1,4,6,47.14,1,3,3,0.001333642857142857,1
2,2,0,2,5,5,5,5,1,1,1,3,2,3,1,30.0,1,1,1,0.0014,1
2,2,1,2,5,5,5,5,0,1,1,3,2,4,1,49.23,0,2,1,0.015384612307692306,1
2,2,0,2,5,5,5,5,0,0,1,2,1,1,5,0.0,1,1,1,0.0013846153846153845,1
2,2,0,2,4,3,4,4,0,1,1,1,2,2,3,73.33,0,3,2,0.00012603333333333332,1
2,2,1,2,4,4,4,4,0,1,1,2,2,2,3,43.53,0,3,4,0.0002588235294117647,1
2,2,0,2,4,5,5,5,1,0,1,1,2,3,2,0.0,0,1,1,0.0005714285714285715,1
2,2,0,2,5,5,5,5,0,0,1,2,2,1,4,0.0,0,1,1,0.1428571142857143,1
1,2,0,2,5,5,4,5,1,0,1,2,2,5,1,33.33,0,2,3,6.666666666666667e-05,1
2,2,1,2,5,4,4,5,1,1,1,2,2,2,3,10.0,1,2,1,0.00012366666666666667,1
1,2,0,2,5,5,4,5,0,1,1,3,2,6,3,8.0,0,2,1,0.0006,1
2,2,0,0,4,4,5,3,0,0,0,2,2,1,4,0.0,0,2,2,0.00315,1
2,2,1,2,4,4,4,4,0,1,1,1,2,5,3,6.36,1,1,2,0.00013991818181818182,1
2,2,0,1,5,5,5,5,1,0,0,2,2,1,3,0.0,0,1,2,0.003,1
2,0,0,2,5,4,4,5,1,1,1,1,2,2,3,90.0,0,1,2,0.00075,1
2,2,1,2,4,4,4,3,1,1,1,3,2,4,3,20.0,1,2,3,0.000840812,1
2,2,1,2,4,5,4,4,1,1,1,3,2,6,3,16.67,1,4,1,0.006527777777777777,1
2,2,0,2,5,4,5,5,0,1,1,1,2,5,3,25.0,0,2,2,0.0001925,1
2,2,0,2,5,5,5,4,0,0,1,2,1,1,4,0.0,0,2,4,0.001609090909090909,1
2,2,1,2,5,4,4,5,1,1,1,2,2,3,1,30.0,1,2,1,0.00021666666666666666,1
2,2,1,2,5,4,5,2,0,0,1,3,2,2,1,32.06,0,3,4,0.0022641145038167936,1
2,2,1,2,5,4,5,5,0,1,0,2,2,3,3,0.0,1,2,2,0.0024714285714285715,1
2,2,1,2,5,5,4,4,1,1,1,2,2,5,1,21.43,1,1,1,0.001,1
2,2,1,2,4,5,4,4,0,1,1,3,2,2,1,33.33,1,2,3,0.00158531,1
2,2,1,2,5,5,5,3,1,0,1,3,3,2,1,35.83,1,3,4,0.0012960416666666667,1
2,0,0,2,4,4,4,4,1,1,1,1,2,2,1,60.0,1,2,3,0.0005730666666666668,1
2,2,1,2,4,5,5,5,0,0,0,3,2,4,1,6.25,0,2,1,0.00133125,1
2,2,1,2,4,4,5,5,0,1,1,3,2,4,1,3.28,1,3,4,0.0007985,1
2,2,0,2,5,5,5,5,0,0,1,2,2,5,1,0.0,0,4,3,0.4999999,1
2,1,1,2,5,5,5,5,1,0,1,3,3,2,1,24.29,1,3,3,0.1428571142857143,1
1,1,0,2,5,5,5,5,0,1,1,2,3,3,3,50.0,1,3,1,0.000946,1
2,2,0,1,4,5,5,5,1,0,0,1,2,1,3,0.0,0,1,2,0.0009737000000000001,1
2,2,1,2,5,4,5,5,0,1,1,3,1,6,5,7.5,1,2,3,0.000927185,1
2,2,1,2,5,5,5,5,1,1,1,3,2,2,1,39.41,1,2,2,0.0012152941176470588,1
1,2,0,2,5,5,5,5,1,0,1,2,2,2,4,0.0,0,1,1,0.10644772,1
2,2,1,2,5,5,5,5,0,1,1,2,1,3,3,29.17,0,3,1,0.0006516666666666666,1
2,2,0,2,5,5,5,4,0,1,1,3,1,3,1,50.0,0,3,2,0.00077,1
2,2,0,2,4,4,4,4,0,1,1,2,2,3,1,32.37,1,1,1,0.0004956906474820144,1
2,2,1,2,5,4,4,5,0,0,1,3,2,3,1,10.0,1,3,2,0.000841,1
1,2,0,2,3,4,4,4,0,0,1,1,2,3,1,30.0,0,3,2,6.792e-05,1
2,2,1,2,4,4,5,4,1,1,1,3,1,6,5,20.74,0,3,3,0.046082940092165896,1
2,2,0,2,4,4,5,5,1,1,1,2,2,3,2,33.33,0,2,2,0.0026560666666666666,1
2,2,1,2,5,4,5,3,1,1,1,3,3,4,1,16.0,1,3,3,0.00092,1
1,2,0,2,1,1,4,1,0,0,1,2,1,2,3,66.67,1,3,1,0.0010315,1
2,0,1,0,5,5,4,5,0,0,0,2,1,1,6,0.0,0,3,3,1.2964283121428555,1
2,2,1,2,5,5,5,4,0,0,1,2,1,1,6,0.0,0,3,5,0.0014557,1
2,2,1,2,4,5,4,5,0,1,1,3,2,6,1,11.76,1,2,2,0.0017588235294117647,1
2,2,1,2,5,5,4,5,1,1,1,3,2,3,1,16.0,1,2,1,0.000244,1
2,2,1,2,5,5,5,5,0,1,1,3,2,4,1,40.0,1,2,1,0.001,1
2,2,1,2,5,5,5,5,0,1,1,3,2,3,1,11.43,1,1,1,0.0009228571428571429,1
2,2,1,2,5,5,5,5,0,0,0,2,2,1,3,0.0,0,1,1,0.00115,1
2,2,1,2,4,5,4,5,0,0,1,3,2,6,1,30.0,1,1,1,0.003,2
2,2,1,2,4,4,5,5,0,1,1,3,2,2,1,10.0,0,2,3,0.0011888,1
2,2,0,2,5,3,5,3,0,1,1,2,2,3,3,80.0,0,1,2,0.39999992,1
2,2,1,2,4,5,3,4,0,1,0,2,1,5,5,0.0,0,1,1,0.0007804285714285715,1
2,2,1,2,5,4,5,3,0,1,1,2,2,5,3,37.25,0,3,3,0.0005436470588235293,1
2,2,1,2,4,4,4,4,0,0,0,2,2,2,4,0.0,0,4,3,0.09999998,1
2,2,0,2,3,3,5,4,0,1,1,2,2,3,4,66.67,0,2,4,0.0005793777777777778,1
2,2,1,2,4,5,5,4,1,1,1,3,2,4,1,28.57,0,4,5,0.000987497142857143,1
2,2,1,2,5,4,4,5,0,0,0,2,2,2,3,0.0,0,1,1,0.008666666666666666,1
1,2,0,2,4,3,4,5,0,0,1,2,2,3,2,75.0,1,3,2,0.00046085,1
2,1,0,2,4,3,3,3,0,1,1,2,1,4,4,75.0,0,2,2,0.000421425,1
2,0,0,2,5,5,4,5,1,0,0,1,2,1,3,0.0,0,1,1,0.0004,1
1,2,0,2,4,5,4,4,1,1,1,1,2,3,3,0.0,0,2,2,0.00036,1
2,2,1,2,4,4,5,5,1,0,1,3,1,3,5,11.11,1,2,3,0.0037248555555555556,1
2,0,0,2,1,4,3,3,0,0,0,1,3,2,3,0.0,0,2,4,1.111110888888889,1
2,2,0,0,4,3,3,4,0,0,0,1,1,3,6,14.29,0,4,5,0.001512,1
1,2,0,0,5,5,4,5,1,0,0,2,1,2,3,40.0,0,3,3,0.00034832,1
2,2,0,2,4,4,5,5,0,0,0,1,2,3,3,20.0,0,2,2,0.0008,1
2,2,0,2,2,2,2,2,1,1,1,2,2,3,3,75.0,0,1,3,0.00057462,1
2,2,0,2,5,4,5,4,1,1,1,2,2,4,3,20.54,1,3,3,0.0006749375,1
2,2,0,2,4,4,5,3,1,0,0,3,2,1,5,25.97,0,2,3,0.004155844155844156,1
2,2,0,2,5,5,5,5,1,1,1,2,3,1,4,0.0,0,2,2,0.003913333333333334,1
1,2,0,0,4,5,5,5,0,1,1,2,2,2,3,25.0,0,1,2,0.00241375,1
2,2,0,2,5,3,5,5,1,1,1,2,2,1,3,6.25,0,3,1,0.0034375,1
2,1,1,1,5,5,4,5,0,0,1,2,3,2,2,0.0,0,1,1,0.0024642857142857144,1
1,1,0,2,4,3,3,5,0,1,1,1,2,5,3,15.62,0,1,1,0.00042140625,1
2,0,0,2,4,4,4,5,0,1,1,1,2,5,3,11.11,0,3,5,0.0002666666666666667,1
2,2,1,1,5,5,4,4,1,0,1,2,2,2,4,0.0,0,4,4,0.005955428571428572,1
1,2,0,2,4,4,5,5,1,0,1,1,2,1,2,0.0,0,3,3,0.0009982,1
2,2,1,2,4,4,4,4,0,1,1,3,3,3,1,14.29,0,2,2,0.0006978685714285714,1
2,2,1,2,4,4,5,4,0,0,1,3,1,1,5,0.0,0,2,2,0.006249,1
2,2,1,2,4,3,5,4,1,1,1,1,3,2,5,0.0,0,3,4,0.9999998,3
2,0,0,2,5,4,4,5,1,1,0,1,2,5,3,20.0,0,4,1,0.4999999,1
2,2,0,2,5,5,5,4,0,0,1,2,1,2,4,0.0,0,3,3,0.0015555555555555557,1
2,2,1,2,5,4,5,4,1,0,1,2,2,5,7,0.0,0,3,3,0.06451611612903226,1
2,2,0,1,4,4,4,3,0,0,1,2,2,2,3,0.0,0,2,2,0.0032504285714285716,1
2,2,1,2,4,3,5,3,1,1,1,2,2,5,1,47.86,1,3,3,0.0005770357142857143,1
2,2,0,2,5,5,5,5,0,1,1,1,1,2,4,0.0,0,2,2,0.0010955333333333333,1
2,2,0,2,5,4,5,3,1,0,1,2,2,1,4,0.0,0,3,3,0.0045,1
1,0,0,1,3,4,4,4,1,0,1,1,3,6,5,10.0,0,3,3,0.00087,1
1,1,0,2,4,3,4,4,1,1,1,1,3,2,4,61.54,0,3,2,0.0005368461538461538,1
2,2,1,2,4,4,5,3,1,1,0,3,1,5,5,27.02,0,3,4,0.0022152511885895404,1
2,2,1,1,5,3,4,3,1,0,1,2,2,2,4,37.97,0,1,1,0.0012222151898734178,1
2,2,0,2,5,5,4,5,1,1,1,1,2,3,4,75.0,0,4,1,0.000357475,1
2,2,0,2,4,4,4,3,0,1,1,2,1,5,4,22.22,1,3,3,0.0004694222222222222,1
2,1,0,1,4,4,5,4,0,1,1,2,2,4,3,38.0,1,3,3,0.19999996,1
2,2,1,2,5,5,5,5,1,0,1,2,2,4,1,25.0,1,3,2,0.0007583333333333334,1
1,2,0,2,4,4,4,4,1,1,1,1,2,2,3,66.67,0,2,2,0.0007554666666666667,1
1,2,0,2,4,4,3,4,0,1,1,1,2,3,3,48.39,0,3,3,0.00040219354838709676,1
2,2,1,2,3,4,5,4,1,0,1,3,3,4,1,24.0,0,3,3,0.000921488,1
1,1,0,2,5,5,4,5,1,1,0,1,1,2,4,0.0,0,1,3,0.0003076923076923077,1
1,2,1,2,5,5,5,5,0,1,1,2,2,5,1,10.0,0,1,3,0.00057,1
1,0,0,2,5,5,5,5,0,0,1,1,1,2,5,0.0,0,1,3,0.00055,4
1,0,0,2,3,3,3,4,1,0,1,1,2,6,2,0.0,0,3,3,3.7142857142857143e-05,1
2,2,0,2,5,4,5,4,0,1,1,1,1,4,4,0.0,0,3,1,0.16666663333333334,1
2,2,0,2,4,4,4,3,0,0,1,2,1,1,3,0.0,0,1,1,0.002534714285714286,1
2,2,0,2,4,5,5,4,1,0,1,1,1,1,7,0.0,0,4,2,7.268085106382979e-05,1
2,2,1,2,4,4,5,4,0,0,1,1,1,3,7,0.0,0,1,2,0.00027333870967741935,2
2,2,1,2,4,4,4,4,0,1,1,2,2,2,7,0.0,0,3,4,0.0003890625,2
1,2,0,2,5,5,5,5,0,1,1,2,2,2,1,0.0,0,1,3,0.002682608695652174,4
1,2,0,2,5,5,5,5,1,1,1,2,1,3,4,0.0,0,1,3,0.00116,1
2,2,0,2,4,4,4,5,1,1,0,3,2,3,1,0.0,0,2,3,0.024271839805825243,1
2,2,0,2,5,4,5,5,0,1,0,2,2,3,1,16.67,0,3,2,0.0005375,1
2,0,0,2,4,4,5,4,0,0,0,2,1,1,6,0.0,0,2,3,0.000525,1
2,2,1,2,5,4,4,4,0,1,1,2,1,5,4,0.0,0,4,4,0.1428571142857143,4
2,2,0,2,4,4,4,4,0,0,1,2,3,2,1,16.67,0,2,3,0.0007587333333333333,1
1,2,0,2,4,3,4,4,1,1,1,2,2,6,4,4.0,1,3,3,0.00055762,1
1,1,0,2,4,4,4,4,0,1,1,2,1,6,4,0.0,1,1,1,0.00064416,1
2,2,0,2,5,5,5,4,0,1,1,2,2,6,5,0.0,0,2,4,0.09530664,1
1,1,0,0,4,4,4,3,0,0,0,2,2,2,2,0.0,0,1,1,0.00282,1
2,2,0,2,3,4,4,3,0,1,1,3,2,6,1,0.0,1,3,2,0.0009357142857142857,1
2,2,0,1,4,4,5,4,0,1,1,2,1,4,4,0.0,0,1,1,0.19999996,1
2,2,0,2,5,4,4,5,0,0,0,1,2,3,3,0.0,1,3,3,0.000575,3
1,1,0,0,4,4,4,2,1,1,1,1,2,5,2,6.67,0,1,2,0.0003951,1
1,0,0,2,4,4,4,5,1,0,1,1,1,6,4,4.76,1,2,3,6.666666666666667e-05,1
1,0,0,2,5,4,4,5,0,1,1,1,1,4,6,2.38,0,2,3,0.0001880952380952381,2
1,0,0,2,5,4,4,5,1,0,1,1,1,1,4,0.0,0,1,2,0.0008066666666666666,2
2,2,0,2,4,4,4,4,1,1,0,1,2,6,2,0.0,0,3,3,0.0002049777777777778,1
1,2,0,2,5,4,5,5,1,1,1,1,2,6,5,0.0,0,4,5,0.00041045,1
1,2,0,0,5,4,5,3,1,1,1,1,2,3,6,0.0,0,1,2,0.00071,1
2,2,1,2,5,4,5,4,1,0,1,1,1,4,7,0.0,0,3,3,0.00011634,2
2,0,1,2,5,4,4,5,0,1,1,3,2,4,1,0.0,1,2,3,0.001,3
2,2,0,1,3,5,3,4,1,1,1,3,1,3,1,0.0,0,4,3,0.024999995,2
1,1,0,2,4,5,4,4,0,0,1,3,1,1,1,0.0,0,3,2,0.00745,1
2,2,0,2,5,5,4,5,0,1,1,2,1,3,6,0.0,0,2,4,0.0002,1
2,2,0,2,4,4,5,4,0,1,1,2,1,2,7,0.0,0,2,4,0.0011375,1
1,1,1,0,5,5,4,4,1,0,0,1,2,2,7,0.0,0,1,1,0.00023333333333333333,2
2,2,0,0,4,4,4,4,0,0,1,2,2,1,1,5.0,0,3,3,0.00517865,1
1,2,0,2,4,3,4,3,0,1,1,1,2,4,3,0.0,0,3,3,0.000539,1
2,2,0,2,5,3,5,3,1,1,1,2,2,2,3,6.49,0,3,1,0.0006753246753246753,1
2,0,0,0,5,4,5,5,1,0,0,1,1,2,4,0.0,0,1,3,0.0018323,1
1,2,0,2,4,5,4,4,1,1,1,2,2,5,2,0.0,1,3,2,0.19999996,3
2,2,1,2,5,5,5,5,0,0,1,3,1,1,1,0.0,0,1,4,0.0052,1
2,2,1,2,5,5,5,5,1,1,1,3,1,5,6,0.0,0,1,3,0.0004333333333333333,1
2,2,1,2,5,5,5,5,1,1,1,2,3,4,1,7.5,1,1,4,0.000788,1
2,2,1,2,5,5,5,5,1,1,1,2,3,6,1,0.0,0,1,3,0.0003133333333333333,1
2,1,0,2,4,4,4,4,0,1,1,2,1,4,4,0.0,1,3,1,0.00251,1
2,2,0,2,5,5,5,5,1,0,1,2,1,2,1,0.0,0,1,3,0.0028,1
2,2,1,2,5,5,5,5,0,0,1,3,1,1,1,0.0,1,1,3,0.001888888888888889,1
2,2,0,2,4,4,4,5,1,0,1,3,1,2,4,0.0,0,3,4,0.004666666666666667,1
1,2,1,2,4,5,2,4,1,1,1,1,2,4,4,0.0,0,2,3,0.00022,1
2,2,0,2,5,4,5,4,0,1,0,2,1,2,5,0.0,0,2,2,0.002270086956521739,1
2,2,0,2,4,4,4,4,0,1,1,2,1,6,5,0.0,0,3,4,0.0009175,1
2,2,0,0,3,3,4,4,0,1,0,1,2,3,3,8.33,1,2,2,0.16666663333333334,2
2,0,0,2,4,4,2,4,1,1,1,2,1,6,4,0.0,0,3,3,0.0021264,1
1,2,0,2,4,5,5,5,0,0,1,2,1,4,3,0.0,1,2,1,0.0009166666666666666,1
2,0,0,2,4,4,2,4,1,1,1,2,1,6,4,0.0,0,3,3,0.19999996,2
2,2,0,2,4,4,4,4,0,1,1,2,1,2,6,0.0,0,1,1,0.4999999,1
2,2,0,2,4,4,4,4,0,1,1,2,1,2,6,0.0,0,1,1,0.2857142285714286,1
2,1,1,2,4,4,4,4,0,0,1,3,1,1,6,3.85,0,1,2,0.3846153076923077,1
2,2,1,2,5,5,5,5,1,1,1,3,2,4,1,7.5,0,3,4,0.00133251,1
2,2,1,2,4,4,4,4,0,0,1,3,1,1,6,3.85,0,1,1,0.3846153076923077,1
2,1,1,2,5,4,4,4,0,1,1,2,1,4,5,11.67,1,1,4,0.002,1
1,0,0,2,2,5,4,3,0,1,0,1,2,4,1,0.0,0,2,4,0.00011470588235294118,2
1,2,0,2,4,4,4,5,1,0,1,1,1,3,4,0.0,0,1,3,0.000509090909090909,1
2,1,0,2,4,4,4,4,0,0,1,2,1,5,4,0.0,0,2,3,0.00363,1
2,2,1,2,4,4,4,4,0,0,1,2,1,2,6,0.0,0,3,2,0.24999995,1
2,2,0,2,4,3,4,4,0,1,1,2,3,2,1,0.0,0,3,3,0.00041833333333333333,1
2,0,0,2,5,5,3,4,0,1,0,2,2,6,1,0.0,1,1,2,0.13698627397260274,2
2,2,0,2,4,5,5,5,0,0,1,2,2,3,6,0.0,0,2,1,0.0007333333333333333,2
2,2,0,2,5,4,5,4,0,1,1,1,1,5,4,12.5,1,2,1,0.00025,1
2,2,0,2,5,4,5,4,1,0,1,1,1,1,3,0.0,0,3,1,0.00092,1
2,2,1,2,5,5,4,5,0,1,1,2,2,3,4,0.0,1,2,1,0.00152,1
2,2,0,2,5,5,4,5,0,0,1,2,2,3,6,0.0,0,3,1,0.0006,2
2,0,0,2,5,5,4,4,0,0,0,1,2,1,2,0.0,0,4,1,0.0011,1
2,2,0,2,4,4,4,5,1,0,1,1,2,4,2,0.0,1,2,1,0.00048,1
1,2,0,2,3,4,5,3,0,0,0,2,1,2,6,0.0,0,2,2,0.0012111,1
2,1,0,2,5,5,5,5,0,0,0,1,2,6,2,0.0,1,2,2,0.0005310588235294117,1
2,2,1,0,3,4,5,4,0,1,1,1,2,6,2,2.0,1,3,2,0.00042478,1
2,2,1,2,5,5,5,4,1,0,1,3,2,5,6,0.0,1,2,2,0.09999998,1
2,2,1,2,4,4,4,4,0,0,0,2,1,1,6,0.0,0,1,4,0.001351111111111111,1
2,2,1,2,4,2,5,3,0,1,1,3,2,2,1,44.0,0,3,4,0.000851452,1
2,2,0,2,5,5,5,5,0,0,0,2,2,1,1,0.0,0,3,3,1.2964283121428555,1
1,0,0,2,4,4,5,4,1,0,0,1,1,4,6,0.0,0,2,1,0.0007456,1
2,0,0,2,5,5,5,4,0,0,1,1,1,3,7,0.0,0,2,2,0.0011856,1
1,0,1,2,4,3,5,4,0,0,0,1,2,6,7,0.0,1,1,2,0.000416875,2
2,2,0,2,4,4,4,4,0,0,0,2,1,4,6,0.0,0,2,3,0.0008624500000000001,1
2,2,1,2,5,4,5,3,0,0,1,2,2,6,2,0.0,0,1,3,0.00043554285714285715,1
2,0,1,2,5,3,4,3,0,0,1,1,2,5,2,0.0,0,1,3,0.00042634,1
2,2,1,2,5,4,5,5,0,0,1,2,1,4,7,0.0,0,2,2,0.00016764238410596027,1
2,2,1,2,4,5,5,4,0,0,1,1,1,5,4,0.0,0,2,2,0.1492537014925373,2
2,2,1,2,3,2,4,2,1,1,1,2,1,6,6,0.0,1,3,3,0.0007898285714285715,1
2,2,1,2,3,4,5,4,0,0,0,2,1,2,6,0.0,1,3,3,0.001010081081081081,1
2,1,0,2,4,4,4,4,0,0,1,2,1,2,4,33.33,0,3,2,0.0006818833333333334,1
2,2,0,2,4,4,3,3,1,0,0,1,1,3,6,0.0,0,2,3,0.002512,1
2,0,0,2,4,4,3,2,1,1,1,2,1,1,3,0.0,0,2,4,0.00019558333333333333,1
1,2,0,2,4,3,5,3,0,1,1,2,1,4,6,0.0,1,3,4,0.0009847666666666667,1
2,2,1,2,5,4,5,5,1,1,0,1,2,6,2,0.0,0,3,2,0.2857142285714286,1
2,2,0,2,4,4,5,4,0,0,1,2,1,5,6,0.0,1,2,2,0.0020074285714285715,1
2,1,0,1,4,4,2,3,0,1,1,2,1,6,5,0.0,1,2,4,0.0029655500000000004,1
2,0,0,2,3,3,4,3,0,0,0,2,1,5,6,0.0,0,2,2,1.2964283121428555,1
2,1,0,2,4,4,4,4,0,0,1,2,1,5,5,0.0,0,2,4,0.0007553,1
2,0,0,2,4,4,4,4,0,0,1,1,1,4,6,4.17,0,1,3,0.000641375,1
1,1,0,2,3,3,4,3,0,1,1,2,1,3,5,31.82,0,3,3,0.0012350454545454546,1
2,2,1,2,5,5,5,5,1,1,1,3,1,4,5,31.11,0,2,3,0.0030450222222222225,1
2,1,0,1,3,3,2,3,0,1,1,2,1,4,4,0.0,1,3,2,0.0005214428571428571,1
2,2,1,2,5,5,4,4,0,0,1,2,1,2,7,0.0,0,3,4,0.0005937127659574468,2
2,1,0,2,3,5,5,3,0,0,1,2,1,4,6,0.0,1,3,1,0.0034595,1
2,1,0,2,2,3,3,2,0,0,1,2,1,3,5,0.0,0,2,4,0.0020485,1
1,0,0,0,4,4,5,4,0,0,0,1,2,3,5,0.0,0,4,2,0.8333331666666667,1
2,2,0,2,4,4,3,4,0,0,0,1,2,2,2,0.0,1,4,2,0.00052552,1
1,0,0,2,4,3,4,5,0,0,0,1,1,4,4,20.0,0,3,3,0.4999999,1
2,0,0,0,5,5,5,5,0,0,0,1,2,4,5,0.0,0,4,2,0.6666665333333334,1
2,1,0,2,3,3,4,4,0,1,1,2,1,5,6,0.0,0,1,3,0.0009985555555555555,1
2,2,1,2,5,4,5,5,0,1,1,2,1,2,6,0.0,0,2,2,0.002013125,1
0,0,0,0,5,4,4,3,1,0,0,1,1,2,4,0.0,1,2,2,0.0008382307692307693,1
2,2,1,2,5,5,4,3,0,0,0,3,1,5,4,0.0,0,3,4,0.001728025,1
2,1,1,2,4,4,5,4,0,0,1,2,1,1,6,0.0,0,1,2,0.0019355652173913042,1
2,2,0,2,4,4,4,4,1,0,0,1,3,4,7,0.0,0,1,3,0.00061265,1
2,1,0,2,3,3,3,3,0,1,1,3,1,1,1,40.0,0,2,4,0.0014012333333333334,1
1,0,1,2,5,5,5,5,1,0,0,1,1,6,7,0.0,0,3,3,0.0006102222222222222,1
1,2,0,2,4,5,5,4,1,0,1,1,1,3,6,0.0,0,3,3,1.2964283121428555,1
2,2,1,2,5,4,4,4,0,0,1,2,1,3,7,0.0,0,2,3,0.000285224043715847,2
2,2,1,2,3,4,4,4,0,1,1,3,1,4,5,17.78,0,2,3,0.004751177777777778,1
1,2,0,0,3,3,4,3,1,0,1,1,1,3,6,0.0,0,2,3,0.0001683095238095238,1
2,0,1,2,4,5,5,5,0,0,0,2,2,1,1,0.0,0,4,5,0.0031428571428571426,1
2,2,1,2,4,5,5,5,1,0,0,3,2,2,3,0.0,0,4,5,0.0038596491228070177,1
2,2,1,2,5,4,5,4,1,0,0,2,1,2,4,0.0,0,2,3,0.0007367999999999999,1
2,2,0,2,3,5,5,4,0,0,0,3,2,5,2,20.97,0,3,2,0.0006395752688172044,1
2,1,0,2,3,4,4,4,0,0,1,2,1,3,6,0.0,0,3,3,0.0006827826086956521,1
2,1,0,2,4,3,4,3,0,1,1,1,1,4,6,0.0,0,4,4,0.00059152,1
2,2,0,2,5,5,5,5,0,1,1,3,3,6,1,6.67,1,3,3,0.0014874333333333334,1
2,2,0,2,5,5,5,5,1,1,1,2,2,4,1,20.0,1,2,2,0.000975,1
2,2,0,2,4,5,5,5,0,1,1,3,2,5,1,8.33,0,3,3,0.00125,1
2,0,0,2,5,5,5,5,1,1,1,2,2,5,1,20.0,1,3,3,0.00017625,2
2,2,0,2,5,4,5,4,0,0,1,2,1,3,7,0.0,0,3,2,0.22222217777777778,1
2,2,0,2,5,4,5,4,0,0,1,2,1,3,7,0.0,0,3,2,0.22222217777777778,1
2,2,0,2,3,5,5,3,0,0,1,3,3,1,1,6.67,0,3,3,0.008333333333333333,1
1,2,0,1,5,4,5,4,1,0,0,1,2,2,1,0.0,0,2,1,0.7692306153846153,1
2,2,0,1,4,3,4,3,0,0,1,1,1,4,6,0.0,0,3,3,0.0005889,1
2,0,1,2,4,4,4,5,1,0,0,1,1,2,7,0.0,0,1,2,0.00036060000000000004,3
2,2,1,2,5,4,5,5,0,1,1,3,1,3,5,36.19,0,3,3,0.0023141428571428575,1
2,2,0,2,4,5,4,4,0,1,0,2,1,2,6,0.0,0,3,3,0.00018669594594594594,1
1,1,0,1,3,3,3,3,0,1,0,2,1,1,4,0.0,0,1,3,0.0017860999999999999,1
2,1,0,2,4,4,5,4,0,0,0,2,1,5,6,0.0,0,2,2,0.00152675,1
2,2,1,2,5,5,5,5,1,1,1,3,2,1,1,21.67,0,4,5,0.0028333333333333335,1
2,2,1,2,4,5,5,5,1,1,0,3,2,2,1,12.0,0,4,4,0.00164,1
2,2,1,2,4,4,4,5,1,1,1,3,2,2,1,20.0,0,2,3,0.0013319958333333334,1
2,2,0,2,4,4,5,5,0,1,1,2,2,1,1,0.0,0,2,3,0.0034411764705882353,1
2,1,1,2,5,5,5,5,0,1,1,3,2,4,1,22.73,1,3,3,0.0012586363636363637,1
2,2,0,2,5,4,5,4,1,1,1,2,2,6,1,0.0,0,3,3,0.0014956400000000001,1
2,2,0,2,5,5,5,5,1,1,1,2,1,6,3,0.0,0,2,2,0.0007255499999999999,1
1,2,0,2,4,3,5,4,1,1,1,3,2,5,3,0.0,1,2,2,0.000464,1
1,0,0,0,4,4,4,4,0,1,1,1,2,1,3,0.0,0,2,2,0.0018,1
2,2,0,2,5,5,5,5,0,1,1,1,2,6,3,0.0,1,3,2,0.0010792,1
2,0,0,2,4,4,4,4,0,0,1,1,2,3,3,8.0,1,2,3,0.00048,1
1,2,0,2,5,5,5,4,0,1,1,1,2,4,4,0.0,0,3,2,0.0002275,1
2,0,0,0,5,5,5,5,0,0,1,1,2,2,3,0.0,0,1,4,0.025016714285714288,3
2,2,0,2,5,5,5,5,0,0,1,1,1,2,7,0.0,0,2,3,0.0021134444444444443,3
2,2,0,2,4,4,4,4,0,0,1,2,2,1,1,0.0,0,1,3,0.0017142857142857142,1
1,0,0,0,5,5,5,4,1,0,1,1,2,1,4,0.0,0,2,2,0.000172,1
1,2,0,1,3,5,5,4,1,1,1,1,2,3,3,0.0,1,2,1,0.0004964285714285715,1
1,2,0,0,4,4,4,5,1,0,0,1,1,2,3,0.0,1,3,4,0.0002,1
1,0,0,1,4,5,5,5,1,0,1,1,2,2,3,0.0,1,4,2,0.9999998,1
2,2,0,2,4,4,5,4,0,1,1,1,2,2,4,0.0,0,3,2,0.00133,1
1,2,0,1,3,4,3,3,1,0,1,1,2,5,3,0.0,1,4,2,0.00036869999999999996,1
2,2,0,2,4,4,4,4,1,0,1,2,2,2,1,20.0,0,1,1,0.000822,1
1,2,0,2,5,5,5,5,1,1,1,2,2,2,3,0.0,0,3,3,0.00114,1
2,2,1,2,5,5,5,4,0,1,1,2,2,3,1,25.71,0,3,3,0.0010571428571428572,1
2,1,0,2,4,4,4,4,1,1,1,3,2,6,1,0.0,1,3,1,0.0028230399999999998,1
2,2,1,2,5,4,5,4,1,1,1,3,2,3,1,50.0,0,3,2,0.0005714444444444444,1
2,1,1,2,5,5,5,5,0,0,1,3,2,4,1,15.62,1,2,3,0.001667175,1
2,2,0,2,5,5,5,3,0,0,1,3,2,1,1,0.0,0,3,3,0.011333333333333334,1
2,2,1,2,5,4,5,5,0,0,1,3,2,2,1,6.67,1,4,4,0.0013066666666666667,1
2,2,1,2,5,5,5,5,0,0,1,2,2,3,1,7.14,1,3,3,0.0016857142857142858,1
2,2,1,2,5,5,5,3,0,0,1,3,1,6,5,0.0,0,3,2,0.00558325,1
2,0,0,2,5,5,5,5,0,0,1,1,1,4,7,0.0,0,1,2,0.000330475,1
2,0,0,2,5,5,5,5,0,0,1,2,1,4,7,0.0,0,1,2,0.24999995,1
2,2,0,2,4,3,5,5,0,1,1,2,2,6,3,3.33,1,3,2,0.0005725,1
2,2,0,2,3,3,5,3,1,1,1,2,2,3,1,33.33,1,1,4,0.00096,1
2,2,0,2,5,4,5,4,0,1,1,1,2,6,3,0.0,0,1,1,0.0009133333333333334,1
2,1,0,2,4,4,3,3,0,1,1,3,2,4,1,33.33,1,1,5,0.0009333333333333333,1
2,2,0,2,5,4,4,3,0,0,1,2,2,1,1,0.0,0,1,3,0.0026,1
2,2,0,2,5,4,5,4,1,1,1,3,2,2,1,21.43,1,1,5,0.0026714285714285716,1
1,1,1,2,4,4,5,4,0,0,1,2,1,6,7,0.0,0,2,3,0.005666666666666667,1
1,1,0,2,4,4,3,4,1,0,1,1,1,5,6,0.0,0,2,2,0.0087,1
2,2,0,0,4,4,3,4,0,0,0,2,1,1,6,25.0,0,3,2,0.000457175,1
2,2,0,2,4,4,5,3,1,0,1,3,3,5,1,0.0,0,3,4,0.07692306153846154,1
2,0,0,2,4,4,4,4,1,0,0,1,1,2,3,0.0,0,3,4,0.0005,1
1,1,0,2,4,4,4,4,1,0,0,1,1,1,6,0.0,0,3,3,0.00035,1
2,2,0,0,5,5,5,5,0,0,1,1,1,1,4,0.0,0,1,2,0.0023833333333333337,1
1,2,0,2,4,4,5,5,1,0,1,1,1,5,5,0.0,0,3,3,0.0005851000000000001,1
2,1,0,2,5,3,4,4,0,1,1,2,1,3,6,0.0,0,2,3,0.0036285714285714285,1
2,2,0,2,4,3,4,4,1,0,1,2,3,1,1,0.0,0,3,2,0.003871076923076923,1
2,2,1,2,5,5,5,5,0,1,1,2,1,4,7,0.0,0,3,4,0.000135,2
2,2,1,2,4,4,4,4,1,0,0,2,1,4,7,0.0,1,3,3,0.00013761467889908258,2
2,2,0,2,4,3,4,4,0,0,1,3,2,3,1,35.71,1,3,2,0.0009285714285714286,1
2,1,1,2,4,2,5,2,1,1,1,2,2,2,1,34.92,1,1,2,0.15873012698412697,1
2,2,1,2,5,4,5,4,0,1,1,3,2,2,1,33.33,0,2,4,0.0017577933333333333,1
2,2,1,2,4,4,5,5,0,1,1,3,3,6,1,7.5,1,3,2,0.00115,1
2,2,0,2,5,5,5,4,1,1,1,3,2,1,1,20.0,0,3,3,0.0042691199999999995,1
1,1,0,2,5,4,4,4,1,0,0,1,1,1,6,0.0,0,2,2,0.0004090909090909091,1
0,0,0,0,4,4,4,3,1,0,1,1,1,2,5,0.0,0,3,2,0.001228625,1
2,2,0,2,4,4,5,3,0,0,0,2,1,4,5,0.0,0,2,2,0.0022078,1
2,2,1,2,4,4,4,4,1,1,1,3,1,3,5,16.67,0,3,3,0.004878416666666667,1
2,2,0,2,5,5,5,4,0,0,1,2,1,4,7,0.0,0,3,3,0.001333157894736842,1
2,2,0,0,5,5,4,4,1,1,1,1,2,4,4,0.0,0,3,4,2.8460000000000002e-05,1
2,2,1,2,5,4,5,4,0,1,1,3,2,5,5,0.0,0,3,3,0.22222217777777778,2
2,2,0,2,4,4,4,4,1,1,1,2,2,6,7,100.0,1,3,3,3.151431514315143e-07,1
2,2,1,2,5,5,5,4,0,1,1,3,2,6,7,0.0,0,3,1,0.00675,1
2,2,1,2,5,5,5,4,0,0,1,2,2,6,4,0.0,0,3,3,0.0020666923076923076,1
2,2,1,2,5,5,5,5,1,1,1,2,2,6,2,0.0,0,3,3,0.00100825,1
2,2,1,2,5,5,5,5,0,1,1,3,2,6,4,0.0,1,2,3,0.0029166666666666664,1
2,2,1,2,5,5,5,4,0,0,0,2,2,2,7,0.0,0,3,3,0.00127656,1
2,2,0,2,3,3,4,3,0,0,0,3,1,1,5,0.0,0,2,3,0.0106505,1
1,0,0,2,4,5,4,4,0,1,0,1,1,4,4,0.0,0,3,2,0.00025826666666666664,1
2,1,1,2,4,5,5,3,0,1,1,2,1,2,5,8.97,1,2,4,0.0010326666666666668,1
2,2,0,2,4,3,4,3,0,1,1,2,2,4,2,3.08,1,2,3,0.00043069230769230766,1
1,2,0,2,4,3,4,3,0,0,1,2,1,2,4,0.0,1,1,1,0.0007484,1
2,0,1,2,4,5,5,5,1,0,0,1,1,3,7,0.0,0,5,3,0.00034,2
1,0,1,2,5,3,5,3,1,0,0,1,1,1,7,0.0,0,3,5,0.6666665333333334,1
2,1,1,1,2,2,2,2,0,0,1,2,1,5,6,0.0,1,2,4,0.0017625,1
2,2,0,2,3,3,4,2,0,1,1,3,3,2,1,3.75,0,4,4,0.0020483125,1
1,2,0,2,4,4,4,3,1,0,0,1,1,5,7,0.0,0,3,3,0.5263156842105263,1
1,1,1,2,5,4,4,4,1,0,0,2,1,5,7,0.0,0,2,3,0.45454536363636366,4
1,0,0,2,4,5,4,4,1,1,1,1,1,2,5,0.0,0,2,4,0.00179825,1
1,0,1,2,5,5,4,4,1,0,0,2,2,5,1,0.0,0,3,3,0.001125,1
1,0,1,2,4,4,5,5,1,0,0,2,1,5,5,0.0,0,1,2,0.43478252173913046,2
2,2,1,1,4,3,3,4,1,1,1,2,1,3,4,21.28,0,2,3,0.0006614255319148936,1
1,0,0,0,3,3,4,4,1,1,0,2,1,4,4,5.71,1,2,3,0.2857142285714286,1
2,1,0,2,2,4,3,4,0,0,0,2,1,4,6,0.0,0,2,2,0.0016105,1
2,2,0,2,4,4,5,4,0,0,1,2,2,5,7,0.0,1,2,3,0.0016707857142857143,1
0,0,0,0,4,4,4,4,1,1,1,1,3,4,4,0.0,1,4,5,0.0004971739130434782,1
2,0,1,2,5,5,5,5,0,0,0,1,2,5,2,0.0,0,2,2,0.0003956285714285714,1
1,2,0,0,4,4,5,5,1,0,1,2,3,5,6,0.0,0,1,2,0.002179822222222222,1
2,2,0,2,4,4,4,4,0,1,1,3,1,3,5,9.76,0,3,3,0.001917170731707317,1
2,2,0,2,4,3,4,3,0,0,1,2,2,3,1,21.43,1,3,2,0.0005598285714285714,1
2,2,0,0,4,4,4,4,1,1,1,1,2,2,3,20.69,0,3,1,0.0006206896551724138,1
2,2,1,2,5,5,5,4,1,1,1,3,1,2,5,40.0,1,2,3,0.000952,1
2,2,0,2,5,5,5,4,0,0,1,3,2,3,1,5.0,1,2,3,0.0010334275,1
1,2,0,1,4,4,4,4,1,0,1,1,1,4,6,0.0,0,3,3,0.000801,1
2,2,0,2,4,3,5,5,1,1,1,2,2,3,3,25.0,1,2,2,0.0010039333333333332,1
2,2,1,2,5,5,5,5,1,0,1,3,1,4,5,5.71,1,3,3,0.001798142857142857,1
2,1,0,2,3,5,3,2,1,1,1,3,2,5,1,13.33,0,3,1,0.00071946,1
2,2,0,2,4,4,4,2,1,0,1,2,2,6,1,14.29,1,2,3,0.0002795,1
1,2,0,2,3,3,4,4,1,1,1,1,1,3,5,0.0,1,2,2,0.0020701666666666663,1
0,1,0,2,3,4,5,4,0,0,1,1,1,4,4,20.0,0,4,1,0.0003,1
1,2,0,2,5,5,5,5,0,1,1,2,1,4,6,0.0,0,2,2,0.0006578947368421054,1
1,2,0,2,5,5,5,5,0,1,1,2,2,2,3,0.0,1,2,1,0.0013333333333333333,1
1,2,0,1,3,2,1,2,0,1,1,2,2,5,4,10.0,1,1,3,0.124999975,1
2,2,1,2,5,5,5,5,0,0,0,3,2,1,1,5.0,0,4,5,0.24999995,1
2,2,1,2,4,4,4,5,1,0,1,3,2,3,1,25.0,0,3,3,0.0011880999999999999,1
1,0,0,0,4,4,4,4,1,1,1,1,3,2,4,25.0,1,2,1,0.00023925,1
2,2,0,0,4,4,3,4,0,1,1,2,2,3,1,40.0,0,3,2,0.00054,1
1,2,0,2,3,3,4,4,0,1,1,1,1,5,4,8.0,0,3,3,6.444799999999999e-05,1
1,1,0,2,3,3,3,4,0,1,0,2,1,3,4,9.33,1,5,3,0.00034704,1
0,2,1,2,5,5,5,5,0,1,1,2,1,4,5,0.0,0,3,4,0.0011388,1
1,2,0,2,4,4,4,5,1,1,0,1,2,6,7,0.0,0,3,3,8.333333333333333e-05,2
1,2,0,2,5,5,5,4,0,1,1,2,1,2,6,0.0,1,1,4,0.00084,1
1,2,0,2,5,5,5,5,1,1,1,1,1,5,4,0.0,1,2,1,0.00074,1
1,1,0,0,1,1,1,1,0,1,1,1,2,5,3,19.35,0,4,5,0.0004516129032258065,1
1,2,0,1,4,3,5,4,1,1,1,1,2,5,3,0.0,0,3,2,0.0003015,1
1,1,0,0,4,4,4,4,1,1,0,1,2,4,3,0.0,0,2,2,3.703125e-05,3
1,2,0,2,4,4,5,4,1,1,1,1,2,3,2,0.0,0,2,3,0.00026285714285714286,1
1,2,0,2,5,5,5,5,1,0,1,2,2,1,1,0.0,0,2,3,0.0013224666666666668,1
1,2,0,2,4,4,5,5,1,0,1,2,2,2,3,30.0,1,1,2,0.00091872,1
1,2,0,2,5,4,5,4,0,0,1,2,2,3,4,16.67,1,3,2,0.00031795,1
1,2,1,2,4,3,4,4,0,0,1,2,1,4,1,28.57,0,2,1,0.0008,1
1,2,0,2,5,5,5,5,0,1,1,2,1,2,5,0.0,0,1,2,0.0019355333333333333,1
2,2,0,0,5,5,5,5,0,1,1,2,2,5,4,14.55,0,2,2,0.0003431636363636364,1
1,2,0,2,4,3,5,3,0,0,1,2,2,5,1,0.0,1,3,4,0.0003737545454545455,1
2,2,0,2,5,4,5,3,0,0,1,2,2,1,1,0.0,0,3,4,0.0039534,1
2,2,0,2,4,4,5,4,1,1,1,2,3,2,3,0.0,1,1,2,0.0016817333333333333,3
1,2,1,2,5,4,5,4,0,1,1,2,2,2,3,72.5,1,2,3,0.00131425,1
2,2,1,2,5,5,5,5,0,0,1,3,2,2,4,50.0,0,1,3,0.003525,1
2,2,0,2,3,3,3,4,1,1,1,2,2,3,1,73.33,0,3,3,0.0006585533333333332,1
2,2,1,2,4,5,3,4,1,1,1,2,1,4,1,25.0,0,2,4,0.00061233,1
2,2,1,2,5,4,3,3,1,1,1,2,1,4,1,25.0,0,3,4,0.00061233,1
2,2,1,2,4,4,4,4,1,1,1,3,1,2,5,11.11,0,2,4,0.003518518518518519,1
2,2,1,2,5,5,5,5,1,1,1,3,2,6,1,8.33,0,1,2,0.0043589833333333335,1
2,2,1,2,5,5,5,3,0,0,1,3,2,2,1,40.0,0,4,5,0.00159,1
2,2,1,2,3,5,5,4,0,1,1,3,3,4,1,57.14,0,2,3,0.0009862857142857143,1
2,2,1,2,5,5,5,5,1,1,1,2,1,3,6,0.0,0,1,1,0.0014444444444444444,1
2,2,1,2,4,5,5,4,0,1,1,3,1,2,5,18.75,0,1,3,0.00229375,1
2,2,1,2,5,3,3,2,0,1,1,3,2,5,4,22.0,1,3,5,0.001381116,1
1,0,0,2,5,5,5,5,0,1,1,1,2,6,4,0.0,0,2,2,0.00011275892857142856,1
1,2,0,2,5,5,5,5,0,1,1,2,1,3,5,0.0,0,2,2,0.0008388888888888889,1
1,2,1,2,4,4,4,4,1,0,1,1,3,5,1,0.0,0,3,3,0.4999999,1
1,2,0,2,3,3,3,3,1,0,1,2,1,1,1,0.0,0,3,4,0.0016,1
1,2,1,2,5,5,5,5,0,0,1,2,1,3,6,0.0,0,1,1,0.0015963636363636362,1
1,2,0,2,4,4,4,4,0,0,0,2,1,5,5,2.5,0,4,4,0.0003137,1
2,2,1,2,5,4,5,5,0,1,1,2,3,3,1,54.55,1,1,2,0.001106060606060606,3
1,2,0,2,5,4,5,3,1,1,1,2,2,6,7,0.0,0,1,1,0.0013155,1
2,2,0,2,5,5,4,5,1,1,1,3,1,2,5,0.0,0,2,2,0.0027142857142857142,1
1,2,0,2,4,4,4,4,1,1,1,2,2,5,1,14.29,0,3,3,0.0013682,1
1,2,0,2,3,3,4,3,1,1,1,2,3,2,1,12.5,0,2,3,0.001085225,1
1,2,0,2,5,4,5,4,0,1,1,2,3,3,1,27.78,0,3,3,0.0006666666666666666,1
2,2,0,2,5,4,5,4,0,0,1,3,3,1,1,0.0,0,2,2,0.00213911,1
1,2,0,2,4,4,3,3,1,1,1,1,3,3,5,0.0,0,1,4,0.00027277777777777776,1
2,2,0,2,5,4,5,4,0,0,1,3,1,1,5,7.44,0,1,3,0.0005654761904761905,1
2,2,0,2,5,4,5,4,0,0,1,2,1,1,5,11.9,0,1,3,0.0004523809523809524,2
1,0,0,0,5,4,4,4,0,0,0,1,2,1,6,0.0,0,2,3,0.002025,1
1,2,0,2,4,5,4,4,1,1,1,1,1,4,4,0.0,1,2,3,0.0011454666666666667,1
1,1,0,2,4,4,4,5,0,1,0,2,1,3,5,0.0,1,2,3,0.0018,1
2,2,0,2,5,4,5,4,0,1,1,2,1,2,4,0.0,0,1,1,0.0009047333333333334,1
1,2,0,2,5,3,4,4,1,1,1,2,2,4,3,12.5,1,2,2,0.00080625,1
2,2,0,2,4,4,4,4,0,1,1,2,2,5,3,15.38,0,2,3,0.0016042,1
2,1,0,2,5,4,5,5,0,0,1,3,2,1,1,0.0,0,2,3,0.0037865999999999998,1
1,2,1,2,5,5,5,5,1,0,0,1,1,3,7,0.0,0,4,5,0.7142855714285715,1
1,0,1,2,5,5,5,5,1,0,0,1,1,2,7,0.0,0,3,3,0.0001588235294117647,1
2,2,0,2,3,4,3,4,0,0,1,2,1,2,4,11.43,0,3,3,0.0008948571428571429,1
1,0,0,2,5,5,5,5,1,1,1,1,2,4,1,4.17,1,1,1,9.7675e-05,1
1,0,0,1,3,4,2,3,0,1,1,2,2,2,3,40.0,0,3,3,0.00136912,1
1,2,0,2,5,5,5,4,0,1,1,2,2,1,1,0.0,0,2,2,0.24999995,1
2,2,1,2,5,4,5,5,0,1,1,3,1,5,5,0.0,0,2,3,0.002045927272727273,1
2,2,1,2,5,5,5,5,0,1,1,3,2,4,2,0.0,1,1,1,0.00046326666666666663,1
2,2,1,2,5,4,5,4,0,1,1,3,2,4,1,13.33,1,2,4,0.0010006666666666666,1
1,2,0,2,5,5,5,5,0,0,1,1,2,4,1,4.29,1,1,1,0.00021007142857142858,1
2,2,0,2,5,5,5,5,1,0,1,2,1,2,4,0.0,0,1,1,0.000851425,1
1,2,0,2,5,5,5,5,0,1,1,2,3,5,1,0.0,1,1,2,0.00013,1
2,2,0,2,5,5,5,5,0,0,1,2,2,2,4,0.0,0,1,1,0.00175884,1
2,2,1,2,5,5,5,5,1,1,1,3,3,4,1,0.0,1,1,1,0.001,1
0,2,1,2,4,4,4,4,0,1,1,1,1,2,5,16.67,0,2,4,0.0031666666666666666,2
1,2,0,2,5,5,5,5,1,0,1,2,1,2,5,0.0,0,1,2,0.0002555142857142857,1
2,2,0,2,4,3,4,4,1,1,1,2,3,5,1,28.57,0,2,2,0.0009574571428571429,1
1,2,1,2,5,5,5,5,0,0,1,2,3,1,1,0.0,0,1,1,0.005518100000000001,1
1,2,0,2,3,3,4,4,0,1,1,2,3,2,3,0.0,1,3,3,0.0001463125,1
1,2,1,0,4,4,3,5,1,1,1,2,2,6,1,0.0,1,1,1,0.00716,1
2,2,1,2,5,5,5,5,1,1,0,2,1,4,7,0.0,1,3,2,0.00026675,1
2,2,1,2,5,4,5,4,0,0,0,2,1,5,7,0.0,0,3,2,0.00018257843137254904,2
2,2,0,2,5,5,5,5,0,1,1,3,1,5,5,0.0,0,3,3,0.0009636222222222223,1
1,0,0,0,5,3,4,3,1,0,0,1,2,4,1,3.33,0,3,3,9.273333333333333e-05,2
1,2,0,2,3,4,4,4,0,0,0,2,1,1,4,0.0,0,2,2,0.001105909090909091,1
2,2,1,2,5,5,5,5,0,0,0,3,2,1,1,0.0,0,2,2,0.008000388888888888,1
2,2,0,2,5,4,5,3,0,1,1,2,3,3,1,40.0,1,3,3,0.0005453333333333333,1
2,1,0,1,4,3,5,4,0,1,1,3,2,4,1,14.44,1,2,2,0.001296361111111111,1
2,2,0,2,3,3,4,3,0,0,1,3,2,1,1,0.0,0,3,4,0.0083238,1
2,2,1,2,4,4,4,4,0,1,1,3,3,4,1,13.6,0,3,3,0.001026936,1
1,2,0,2,5,4,5,5,0,1,1,2,2,3,1,38.79,1,1,2,0.0006712758620689655,1
1,2,0,2,4,5,4,4,0,0,1,2,2,1,1,0.0,0,3,1,0.002055,1
1,2,1,2,5,5,5,4,0,0,0,1,3,1,1,0.0,0,2,3,0.00084105,1
1,1,1,2,5,3,4,4,0,1,1,2,2,5,1,33.33,1,2,2,0.0007954333333333333,1
1,2,0,1,3,3,4,3,0,1,1,1,3,4,4,0.0,0,3,3,0.0007521,1
0,2,0,2,5,5,5,5,0,1,1,1,1,2,5,0.0,0,1,2,0.0007258,2
1,2,0,2,5,5,4,4,0,0,1,2,1,1,6,0.0,0,2,1,0.0006204166666666666,1
1,1,1,0,5,3,5,4,0,0,1,3,1,4,7,0.0,0,3,3,0.00064,1
2,2,1,2,5,4,5,5,0,1,1,3,1,2,5,14.0,1,2,4,0.0018665266666666666,1
0,0,0,2,4,4,4,4,0,1,1,1,1,3,6,0.0,0,2,2,0.0034,1
2,1,0,2,4,4,5,5,0,1,1,3,1,3,5,4.0,1,2,4,0.00145,1
0,0,0,0,4,4,4,4,0,1,0,1,1,2,6,0.0,0,2,2,0.000418,1
1,2,0,2,5,4,3,2,0,1,1,2,3,5,1,3.33,0,3,3,0.0009549,1
0,1,0,2,2,2,2,3,0,1,1,1,1,2,3,0.0,0,2,1,9.806666666666666e-05,1
0,2,0,0,5,4,5,5,0,0,0,1,1,2,6,0.0,0,1,1,0.4999999,2
2,2,1,2,3,5,5,4,0,1,1,3,1,5,4,0.0,0,3,1,0.0024581111111111114,1
2,1,0,2,4,4,3,3,0,0,1,3,1,3,5,16.42,0,2,3,0.0029586716417910447,1
2,2,0,2,3,3,3,4,0,1,1,3,2,6,1,10.0,1,4,4,0.0009933333333333333,1
2,2,1,2,5,4,5,2,0,1,1,3,2,4,1,46.51,1,2,4,0.0010837209302325581,1
1,0,0,2,5,5,5,5,1,0,1,1,1,1,6,0.0,0,2,1,0.0006913333333333334,1
1,2,0,1,5,5,5,5,1,1,1,1,1,6,6,0.0,0,1,4,0.00038125,1
1,0,0,0,5,5,5,5,0,0,1,1,1,6,6,40.0,0,1,1,0.0032,3
2,2,0,2,5,5,5,5,0,0,1,3,1,1,5,0.0,0,3,3,0.017333333333333333,1
2,2,1,2,5,5,5,5,0,1,1,3,1,1,5,0.0,0,3,4,0.015916666666666666,1
1,2,0,0,4,4,4,4,0,1,1,2,1,5,5,0.0,0,2,3,0.007671285714285715,1
2,2,1,2,5,5,5,5,0,1,1,3,1,3,5,0.0,1,2,3,0.0032,1
2,2,1,2,4,4,4,4,0,0,0,3,3,4,1,33.33,0,2,3,0.0012727766666666667,1
2,2,1,2,4,3,5,4,1,1,1,3,3,2,1,11.67,0,3,4,0.00118676,1
2,2,1,2,5,4,5,3,0,1,1,3,1,3,5,11.94,0,4,5,0.0033116417910447763,1
1,2,1,2,5,5,5,5,1,0,0,2,1,3,7,0.0,0,2,3,0.0016,1
1,2,0,0,3,3,3,3,0,0,0,1,1,1,6,0.0,0,2,2,0.0011562,1
2,2,0,2,5,5,5,4,0,1,1,2,2,3,1,40.0,1,2,2,0.0010211764705882352,1
1,2,0,2,5,5,5,4,0,0,1,2,2,2,1,20.0,1,2,3,0.00083,1
2,2,0,2,5,5,5,4,1,1,1,2,2,4,1,17.09,0,2,2,0.00011109090909090909,1
0,1,0,2,5,5,5,4,1,0,1,2,1,2,5,0.0,0,1,2,0.003,1
1,2,1,0,4,4,4,3,1,0,0,1,1,2,6,0.0,0,2,2,0.0010718,1
1,2,0,2,4,4,4,4,0,1,1,2,2,6,1,20.0,0,2,4,0.000818,1
1,2,0,2,4,4,4,4,0,1,1,2,1,5,6,0.0,0,2,2,0.0023481666666666664,1
2,2,1,1,5,3,5,5,1,0,1,2,2,2,3,40.0,0,3,5,0.00100418,1
2,2,0,2,5,4,5,5,1,0,1,3,3,2,1,38.89,0,2,2,0.0008545611111111111,3
2,2,1,2,5,4,5,5,1,0,1,3,1,2,6,13.79,1,3,4,0.0029092758620689655,1
2,1,0,1,5,5,5,5,1,0,1,3,3,5,3,18.07,1,1,2,0.0010517650602409638,1
1,2,0,2,5,5,5,5,0,1,1,3,1,5,3,0.0,0,2,2,0.00048444444444444446,1
2,2,1,2,5,5,5,5,1,0,1,3,2,3,1,20.0,0,3,3,0.0009,1
2,2,1,2,4,5,5,4,0,1,1,3,2,2,1,25.58,0,1,2,0.07751936434108526,1
2,2,0,2,4,4,4,5,1,1,1,2,3,4,3,20.0,0,4,4,0.0008346100000000001,1
1,1,0,2,3,3,3,3,0,1,1,2,2,5,1,10.64,0,2,4,0.0003857446808510638,1
2,1,0,2,4,3,2,2,0,0,1,2,2,2,1,0.0,1,3,3,0.16393439344262295,1
1,2,0,2,4,4,4,4,0,0,0,2,2,1,4,33.33,0,3,2,0.0035466666666666667,1
0,0,0,0,4,4,4,4,0,0,0,1,1,2,5,0.0,0,3,4,0.000483,1
1,2,0,2,5,5,5,5,1,0,1,1,1,2,6,0.0,0,3,3,0.00154375,1
0,2,0,2,5,5,5,5,1,0,1,1,1,2,6,0.0,0,3,3,0.00154375,1
1,2,0,2,5,5,5,5,0,1,1,2,1,5,6,0.0,0,2,2,0.00047826086956521735,1
1,2,0,2,4,3,5,4,1,1,1,2,2,2,3,66.67,0,3,4,0.0010333333333333332,1
1,2,0,2,4,4,4,4,0,0,1,1,1,6,4,0.0,1,2,1,0.0003888888888888889,1
0,1,0,0,4,4,4,4,0,1,1,1,2,2,3,66.67,0,1,2,0.0003163333333333333,1
2,2,0,2,5,5,5,5,1,0,1,1,2,2,1,0.0,0,3,3,1.2964283121428555,1
1,2,0,0,5,5,5,4,0,1,1,1,1,4,6,0.0,0,3,2,0.00078,1
1,0,0,2,5,5,5,4,1,0,1,1,1,3,6,0.0,0,1,4,0.0011048,1
1,2,0,0,5,5,5,4,0,1,1,1,1,5,6,2.22,0,1,3,0.0002488888888888889,1
1,2,0,2,4,5,5,4,1,0,1,1,2,2,1,0.0,0,3,3,1.2964283121428555,1
1,2,0,2,5,5,5,5,0,1,1,2,1,5,6,0.0,0,2,3,0.0002444444444444445,1
1,2,0,2,5,4,4,4,0,1,1,2,1,5,5,0.0,0,2,3,0.001779375,1
2,2,0,2,5,5,5,4,0,1,1,2,1,5,5,0.0,0,2,3,0.0023725,1
1,2,0,2,3,3,2,3,0,1,1,2,1,2,1,14.49,0,3,3,0.1449275072463768,1
1,2,0,2,4,4,4,3,0,0,1,2,2,2,6,0.0,0,3,3,0.0003729214285714286,1
1,2,0,2,5,5,5,5,0,1,1,2,1,3,6,0.0,1,2,3,0.002,1
2,2,1,2,5,5,5,4,1,1,1,2,2,6,1,4.29,0,2,2,0.0011806571428571429,1
1,2,1,2,5,5,5,5,0,1,1,2,1,2,6,0.0,0,1,3,0.0007678571428571429,1
1,2,0,2,4,4,4,4,0,1,1,2,1,5,6,10.0,0,1,2,0.0017222000000000001,1
1,2,0,2,4,4,5,4,1,1,1,1,2,6,7,0.0,0,2,1,0.0017142857142857142,1
2,2,0,2,4,4,3,3,1,1,1,2,1,2,5,22.08,0,3,4,0.1298701038961039,1
1,2,0,2,5,5,5,4,1,0,1,2,2,3,1,0.0,1,2,1,0.0014985454545454544,1
1,2,0,2,5,5,5,4,0,1,1,2,2,3,1,1.33,1,3,2,0.0004,1
1,2,0,2,3,3,5,4,0,1,1,2,2,6,4,0.0,1,1,2,0.00040395,1
2,2,0,2,4,5,4,4,1,1,1,2,2,6,1,0.0,0,2,3,0.00144,1
1,1,0,2,5,3,3,3,0,0,1,2,3,2,1,60.0,1,3,2,0.00106,1
1,1,0,2,3,3,3,4,0,0,1,2,2,3,1,50.0,1,3,2,0.0006983333333333334,1
0,2,0,2,4,5,4,4,1,0,1,1,2,4,4,0.0,0,3,2,0.00047222222222222224,1
1,2,0,2,5,5,5,4,0,1,1,2,3,2,1,33.33,1,2,2,0.0012602444444444446,1
1,2,0,2,5,5,5,5,0,1,1,2,2,2,1,50.0,0,2,3,0.000375,1
1,2,0,2,4,5,4,4,1,1,1,2,2,6,1,6.38,0,2,3,0.0005212765957446809,1
1,2,0,0,3,4,5,3,1,1,1,2,2,2,4,0.0,0,4,5,0.0010454545454545456,1
1,2,0,2,4,5,4,4,0,0,1,2,1,3,5,0.0,0,3,4,0.0014210526315789472,1
2,2,0,0,5,5,5,4,0,1,1,2,1,5,5,0.0,0,1,3,0.002847,1
1,2,0,2,4,5,4,4,0,0,0,2,2,2,7,0.0,0,4,4,0.00040793333333333335,1
2,2,1,2,5,5,5,4,0,0,1,3,1,2,5,22.0,0,2,4,0.0029821,1
1,2,0,2,4,3,3,3,0,1,1,2,3,4,1,22.86,1,3,3,0.0004983428571428572,1
2,0,0,2,4,3,4,3,0,0,1,2,3,1,1,0.0,0,3,3,0.8333331666666667,1
1,1,0,2,3,3,4,3,0,1,1,2,3,3,2,11.11,1,3,2,0.0006566222222222222,1
2,1,1,2,4,5,4,4,1,0,1,3,1,1,1,2.0,0,3,5,0.0032,1
1,2,0,2,4,4,4,3,0,0,1,2,2,3,4,20.0,1,2,2,0.0006313466666666667,1
2,2,0,2,4,4,4,4,1,0,1,3,1,2,1,15.0,1,3,3,0.00227599,1
2,2,0,2,4,4,4,4,0,0,1,3,2,1,1,11.67,0,3,3,0.0044637,1
1,2,0,2,4,5,4,4,0,0,0,1,2,4,4,25.0,1,4,3,0.0001,2
2,2,0,2,4,4,4,5,1,1,1,3,2,6,1,3.48,0,4,3,0.001,1
2,2,0,2,4,5,4,4,0,0,1,2,1,4,4,0.0,0,3,3,0.00035995652173913045,1
1,2,0,2,4,4,4,4,1,0,1,1,1,4,7,0.0,0,4,4,0.0005833333333333334,1
2,2,1,2,4,4,4,4,0,0,1,3,1,3,1,16.67,1,2,3,0.001303175,1
2,2,0,2,4,4,5,4,0,1,1,3,2,3,1,15.38,0,3,3,0.000932623076923077,1
1,2,0,2,5,5,5,5,1,0,1,1,2,6,2,5.71,0,1,3,0.00028571428571428574,1
2,2,1,2,5,4,4,4,1,0,1,3,2,6,1,25.0,1,3,2,0.0018285,1
2,2,0,2,3,3,4,4,0,0,1,2,1,2,4,0.0,0,4,2,0.00055,1
2,2,0,2,5,4,5,4,0,0,1,2,1,1,1,12.5,0,2,4,0.00163905,1
1,0,0,1,5,5,4,4,1,1,1,1,2,1,3,0.0,1,2,3,0.0018125,1
1,2,0,2,4,4,3,4,1,0,1,1,2,6,2,0.0,0,2,3,0.0002933333333333333,1
2,2,0,2,4,4,4,4,0,1,1,2,1,3,4,5.56,1,3,3,0.0005,1
1,1,0,2,5,4,4,5,1,0,1,1,2,4,3,0.0,0,2,2,0.0007368421052631579,1
2,2,1,2,5,4,4,4,0,1,1,3,2,1,4,14.29,1,3,2,0.0010571428571428572,1
2,2,0,2,4,5,5,5,0,0,1,2,1,1,6,0.0,0,4,4,0.001225,1
2,2,0,2,5,5,5,5,0,0,0,2,2,1,4,0.0,0,1,1,0.5882351764705882,2
2,2,0,2,5,4,4,4,1,0,1,1,1,3,4,30.0,1,3,3,0.00032,1
1,0,0,2,4,4,4,4,1,1,1,1,2,1,3,0.0,0,2,4,0.0025456666666666666,1
2,2,0,2,5,4,4,4,0,0,1,2,2,3,4,50.0,1,3,3,0.0003235,1
2,0,0,0,5,5,5,4,0,1,1,1,2,2,2,50.0,0,2,2,0.0009,1
2,2,0,2,4,4,4,4,1,0,1,2,1,2,3,8.0,0,3,2,0.0004,1
1,0,0,0,4,4,5,3,0,0,0,1,2,2,2,0.0,0,2,4,0.0021,1
2,0,0,0,4,5,5,5,0,0,0,2,1,1,1,25.0,0,3,1,0.0003333333333333333,2
1,2,0,1,4,4,4,4,1,0,1,1,1,2,4,0.0,0,3,2,0.00055,1
1,2,0,2,4,4,4,4,0,0,1,2,2,1,1,0.0,0,3,2,0.24999995,2
1,2,0,2,4,5,5,5,0,1,0,2,2,3,1,50.0,0,3,2,0.09999998,1
1,2,0,0,5,5,5,5,0,0,0,1,3,1,6,0.0,0,4,3,0.001884857142857143,1
2,2,0,2,5,5,5,4,0,1,0,2,2,5,7,10.0,0,3,2,0.0003166666666666667,1
2,2,0,2,5,4,4,5,0,1,1,2,1,5,1,14.29,0,4,2,0.1428571142857143,2
2,2,0,2,4,3,4,4,0,1,0,1,2,5,7,10.0,0,3,2,0.00025,1
2,2,0,2,5,5,5,4,0,1,1,1,1,5,1,23.53,0,4,2,0.2941175882352941,2
2,2,1,0,5,5,5,5,1,0,1,2,3,1,1,0.0,0,2,3,1.2964283121428555,1
2,2,0,2,5,4,5,4,0,0,1,3,2,5,1,3.06,1,3,4,0.03058103363914373,1
2,2,0,2,4,4,4,4,0,1,1,2,1,3,4,5.56,1,3,3,0.0005,1
2,2,0,2,3,3,3,2,1,1,1,2,2,6,1,2.22,0,3,3,0.000811,1
2,2,1,2,4,5,4,4,0,0,1,3,2,1,1,2.0,0,3,3,0.0032524200000000002,1
2,2,1,2,5,4,4,4,0,0,1,3,1,2,1,20.0,0,3,3,0.0016592,1
2,2,0,2,4,4,4,4,0,1,1,2,1,3,1,0.0,0,2,2,0.0007069767441860466,1
1,0,0,2,4,4,4,4,1,0,0,1,1,3,7,8.33,0,4,1,0.0008333333333333334,1
2,2,0,2,3,3,3,2,1,1,1,2,2,6,1,2.22,0,3,3,0.000811,1
2,2,1,2,4,3,4,4,1,1,1,3,1,3,4,9.76,1,2,3,0.0007763414634146342,1
1,0,0,2,4,4,4,4,1,0,1,1,1,4,5,0.0,0,2,3,0.00018728,1
2,2,0,2,5,4,4,5,0,1,1,1,2,3,1,0.0,0,3,2,0.0006636,1
2,2,0,2,4,4,4,4,1,1,1,2,1,2,4,0.0,1,2,2,0.1428571142857143,1
1,2,0,2,4,4,3,4,1,1,1,1,1,3,4,0.0,1,3,2,0.0006428571428571429,1
2,2,0,2,4,4,4,4,0,0,0,2,1,2,4,0.0,0,3,2,0.004766592592592592,1
2,1,0,0,4,4,4,4,0,0,1,2,2,3,4,25.0,0,2,1,0.0004211375,1
2,1,1,2,4,4,4,4,0,0,1,1,1,2,7,4.0,0,2,2,0.000458,1
2,0,1,2,5,4,4,4,1,0,1,1,1,5,7,0.0,0,3,2,0.0010692307692307694,3
2,0,1,2,4,4,4,4,0,0,1,1,1,2,4,2.38,0,4,2,0.00013095238095238096,2
1,1,1,2,4,4,4,4,0,0,0,1,1,3,7,0.0,0,3,2,0.6666665333333334,2
1,1,0,2,4,4,4,4,0,0,1,1,1,2,4,0.0,0,3,2,0.3703702962962963,2
2,1,0,2,5,5,4,4,0,1,1,1,2,4,4,10.0,0,2,3,0.0003083333333333333,1
2,1,0,2,4,5,4,4,0,0,1,3,2,2,1,23.33,1,4,4,0.001014,1
1,2,0,2,5,4,4,4,0,0,0,2,1,4,7,0.0,0,3,3,0.0004063,1
1,1,0,2,5,5,4,4,1,0,0,1,1,4,4,0.0,0,3,3,0.0002,2
1,0,0,2,5,4,5,4,0,0,0,2,1,5,4,5.56,1,3,3,7.777777777777777e-05,2
1,1,1,2,5,4,4,4,0,0,0,1,1,5,6,0.0,0,3,2,0.000625,2
2,2,0,2,4,4,4,4,1,0,1,3,2,2,1,50.0,0,3,5,0.00135,1
1,2,0,2,4,4,5,5,1,0,0,1,2,2,2,25.0,0,3,3,0.00044,1
1,2,0,2,3,3,5,4,0,0,1,1,2,5,2,0.0,1,2,3,0.00036268,1
2,2,0,2,4,3,3,4,0,0,1,2,1,3,1,50.0,1,3,4,0.0008666666666666666,1
0,1,0,2,4,4,4,4,0,0,1,2,1,6,7,0.0,0,3,3,0.00056,1
2,2,1,2,4,4,4,4,0,0,1,2,2,2,2,22.0,0,2,3,0.00113,1
1,1,0,2,4,4,4,4,0,0,0,2,2,2,1,40.0,0,3,3,6.722e-05,2
2,1,0,2,5,5,3,4,0,0,1,2,2,2,1,62.5,1,3,3,0.001225,1
0,2,0,1,4,4,4,4,1,0,1,1,1,5,6,0.0,1,1,2,0.8333331666666667,1
1,1,0,2,4,4,4,4,1,0,0,1,1,1,5,0.0,0,1,2,0.0016912000000000001,1
2,2,0,2,4,3,3,3,0,0,0,2,2,2,2,7.5,0,1,3,0.0007769249999999999,1
1,1,0,0,2,3,3,3,1,0,0,1,1,5,6,0.0,0,2,2,0.4761903809523809,1
2,2,0,2,5,5,5,5,1,1,1,2,1,6,1,0.0,0,2,2,0.24999995,1
2,2,0,2,5,5,5,5,0,0,0,1,1,5,7,0.0,0,3,2,0.22222217777777778,2
2,2,0,2,4,5,5,5,0,0,0,2,1,5,4,0.0,1,3,2,0.21276591489361701,2
2,2,1,2,5,5,5,5,0,1,1,3,2,6,4,0.0,0,3,3,0.0008829090909090909,1
2,2,0,2,4,5,5,5,0,1,1,2,1,6,4,0.0,0,3,2,0.21276591489361701,2
2,2,0,2,4,5,5,5,0,0,0,1,1,2,6,0.0,0,3,3,0.00017666666666666666,2
2,0,0,2,4,5,5,4,0,1,1,1,1,5,4,0.0,0,3,2,0.43478252173913046,2
1,2,0,2,5,5,5,5,0,0,1,2,1,6,7,0.0,0,4,2,0.2702702162162162,1
2,2,1,2,5,4,4,4,0,0,0,2,2,6,7,0.0,0,4,2,0.0013142857142857142,1
2,2,0,2,4,5,5,5,0,1,1,1,1,5,4,0.0,0,3,3,0.00027272727272727274,2
1,0,0,2,5,5,5,4,0,1,1,1,1,5,6,5.0,0,3,2,0.00065,1
2,2,1,2,5,5,5,5,0,1,1,3,2,6,7,0.0,0,3,3,0.0010794072727272727,1
2,2,0,2,5,5,3,5,0,0,1,2,1,2,4,25.0,0,3,3,0.00055765,1
2,2,0,2,4,4,4,4,0,1,1,2,1,5,6,0.0,1,2,3,0.001245,1
1,2,0,2,5,5,4,4,0,0,1,2,2,6,3,6.0,0,4,3,0.00042,1
1,1,0,2,5,4,3,4,1,1,1,1,2,3,2,0.0,0,2,2,0.00011,1
2,2,0,2,4,4,3,4,0,1,1,2,1,6,5,70.0,0,4,3,0.00051267,2
2,2,1,2,5,4,3,4,0,0,1,2,1,6,5,70.0,0,4,3,0.09999998,2
2,2,1,2,5,5,5,5,0,1,1,3,1,5,5,50.0,1,4,3,0.0014,1
0,2,0,2,4,4,4,4,1,0,1,1,2,2,3,6.67,0,4,1,0.00036666666666666667,2
0,2,0,0,5,5,4,4,1,0,1,1,2,4,3,30.0,0,4,4,0.0003533333333333333,3
2,2,0,2,4,5,5,4,0,1,1,3,2,4,1,55.56,1,4,3,0.0009153055555555555,1
2,2,0,2,4,3,5,4,0,1,1,3,1,4,1,55.56,1,4,3,0.055555544444444445,1
2,2,0,2,4,3,4,1,0,1,1,2,2,6,1,12.5,1,3,5,0.00165,1
2,1,0,2,5,5,5,4,1,1,1,2,1,4,1,50.0,1,4,4,0.0017262625,1
2,2,0,2,4,4,5,5,1,1,1,3,2,1,1,22.22,0,4,4,0.0018333333333333333,1
2,2,0,0,5,5,4,4,1,0,1,2,2,4,2,0.0,0,3,3,0.00040538461538461534,2
2,2,1,2,5,5,5,5,1,0,1,3,2,4,2,0.0,1,3,3,0.00016875,1
2,2,0,2,4,4,4,4,0,0,1,2,2,1,1,0.0,0,3,3,0.0032764848484848484,1
1,2,0,2,4,4,3,4,0,0,1,1,2,1,1,0.0,0,3,3,0.00017391304347826088,2
2,2,0,2,5,5,3,4,0,0,0,3,2,1,1,6.67,0,2,3,0.013333333333333334,1
1,2,0,2,4,4,3,3,0,0,1,1,2,3,1,40.0,0,1,1,2.5e-05,2
2,2,0,2,4,4,4,4,0,0,1,2,2,2,1,40.0,1,2,2,0.00086,1
2,2,0,2,5,5,3,4,1,0,1,2,2,1,1,0.0,0,3,3,0.0026375,1
2,2,0,2,5,5,3,4,1,0,1,2,2,1,1,0.0,0,3,3,0.0025375,1
2,2,1,2,4,4,4,4,1,0,1,3,2,1,1,25.0,0,2,3,0.01410625,1
1,2,0,2,4,5,3,4,0,0,1,1,2,1,1,0.0,0,3,2,8.333333333333333e-05,2
2,2,0,2,5,5,5,5,0,0,1,3,2,1,1,0.0,0,3,2,0.00567,1
2,2,0,2,5,4,4,4,0,0,1,2,2,5,1,11.11,1,3,2,0.0012007222222222222,1
2,2,0,2,5,5,4,4,0,1,1,3,2,5,1,9.09,0,3,3,0.001072121212121212,1
2,2,1,2,5,5,5,5,0,0,1,3,2,2,1,16.67,0,3,3,0.0016748083333333334,1
1,2,0,2,5,5,4,4,0,1,1,2,2,3,1,12.5,0,4,2,0.0003,1
1,2,1,2,5,4,4,4,0,0,1,1,2,3,1,0.0,0,4,2,2.4e-05,2
2,2,0,2,5,5,4,3,0,0,1,2,2,1,1,12.0,0,3,3,0.00021,2
2,2,1,2,5,5,3,4,0,0,1,3,2,1,1,10.0,0,3,3,0.001935,1
2,2,1,2,5,5,5,5,0,0,1,2,1,6,5,0.0,0,3,2,0.000926,1
1,2,1,2,4,4,4,4,0,0,1,2,2,2,1,20.0,0,3,3,0.00018,2
1,2,0,2,4,3,4,4,0,0,1,1,2,2,1,0.0,0,3,3,0.00066,2
2,2,0,2,5,3,5,4,0,0,1,2,2,3,1,3.33,1,1,1,0.00069055,1
2,2,1,2,5,4,3,4,0,1,1,2,2,5,5,63.75,0,4,3,0.0006,2
2,2,1,2,5,5,5,5,0,1,1,3,2,5,1,10.0,1,2,3,0.0022655,1
1,2,0,2,4,5,4,4,0,1,1,2,1,3,6,0.0,0,2,3,0.0008222222222222221,1
1,2,0,2,5,4,4,4,1,0,1,2,2,1,3,0.0,0,2,4,0.0019735,1
1,2,0,2,4,4,3,4,0,0,1,1,2,5,1,0.0,0,2,3,0.000375,2
1,2,1,2,5,4,4,4,0,0,1,1,2,5,1,17.39,0,2,3,0.43478252173913046,2
2,2,1,2,5,5,5,5,0,0,1,1,2,5,1,0.0,0,2,3,0.3333332666666667,2
1,2,0,2,4,4,4,5,0,1,1,1,2,2,3,44.44,1,2,3,0.0005333333333333334,1
1,1,0,2,4,4,4,4,0,0,1,1,1,5,7,17.57,0,3,2,0.1351351081081081,1
1,0,0,2,5,4,4,4,0,0,1,1,1,5,3,25.0,0,2,2,0.27777772222222225,2
1,1,0,2,5,4,4,4,0,0,1,1,1,5,3,8.7,0,2,2,0.21739126086956523,2
2,2,0,2,3,5,5,4,0,0,1,2,2,3,1,37.58,0,2,4,0.0005527272727272728,3
2,1,0,2,4,5,4,4,0,0,1,2,1,5,7,30.77,0,2,2,0.07692306153846154,1
2,2,0,2,3,5,3,4,0,0,1,2,1,6,6,39.52,0,2,3,0.0007338709677419355,3
2,2,0,2,5,5,5,5,1,1,1,2,1,5,4,0.0,0,3,2,0.20408159183673472,1
2,2,1,2,5,5,5,5,1,1,1,3,1,6,5,5.0,0,4,2,0.0014,1
2,2,0,2,5,5,5,5,1,1,1,1,1,6,4,0.0,0,4,2,0.2941175882352941,1
2,2,0,2,5,5,5,5,0,0,1,2,1,6,5,0.0,0,3,2,0.2564102051282051,2
2,0,0,2,5,5,5,5,0,0,0,1,2,5,6,0.0,0,4,2,0.0003347826086956522,1
2,2,0,2,5,5,5,5,0,1,1,1,1,6,4,0.0,0,4,2,0.26315784210526316,1
2,0,0,2,5,5,5,5,0,0,0,1,1,6,1,0.0,0,4,2,0.35714278571428576,2
2,0,0,2,5,5,5,5,0,1,0,1,2,6,6,0.0,0,3,3,0.0002791666666666667,1
2,2,0,2,5,5,5,5,1,1,1,2,1,5,7,0.0,0,3,2,0.15384612307692308,1
2,2,0,2,4,4,4,4,0,1,1,3,1,6,5,10.5,0,2,4,0.0028,1
2,2,1,2,3,4,4,3,1,0,1,3,2,3,1,50.0,0,3,4,0.04999999,1
2,2,1,0,4,4,4,5,0,0,0,3,3,1,1,0.0,0,2,1,0.0155,1
2,2,0,2,4,4,4,4,0,1,1,2,2,5,3,0.0,0,3,3,0.1428571142857143,1
1,2,1,2,4,4,4,4,1,1,1,1,1,2,4,1.82,0,4,3,0.18181814545454544,2
1,1,1,2,4,4,4,4,0,0,1,1,2,1,3,20.0,0,3,3,0.000125,1
1,2,1,2,4,4,4,3,1,1,1,1,2,2,4,0.0,0,3,2,0.3333332666666667,1
1,2,0,0,4,4,4,4,1,1,1,1,1,4,4,0.0,0,3,2,0.4999999,1
2,2,0,2,4,4,5,4,0,0,0,2,2,1,1,18.94,0,2,3,0.00030629074889867845,1
1,0,0,0,3,3,3,4,1,0,1,1,2,2,3,0.0,0,2,3,0.4999999,1
2,2,1,2,5,5,5,5,0,0,1,2,3,1,3,0.0,0,4,2,0.0009603666666666667,1
2,2,1,2,5,5,5,5,0,1,1,3,1,4,5,20.0,0,2,3,0.0004,1
2,2,0,2,5,5,5,5,0,0,1,1,1,2,1,50.0,1,3,4,0.0010730769230769231,1
2,2,0,2,5,5,4,5,1,0,1,2,1,6,1,7.5,1,4,3,0.0012155,1
1,0,1,2,5,4,4,5,1,0,1,1,1,5,6,0.0,0,2,3,0.0008,3
2,2,1,2,5,5,5,5,0,0,1,2,2,2,1,0.0,0,3,2,0.0018117374999999998,1
1,2,1,2,5,4,4,4,0,0,1,1,2,5,1,0.0,0,4,3,7.222222222222223e-05,2
2,2,1,2,5,5,5,5,0,0,1,2,2,1,1,0.0,0,3,2,0.00289878,1
1,2,0,2,5,4,4,4,0,0,0,1,1,2,1,0.0,0,3,3,0.9999998,2
1,2,0,0,4,4,4,4,0,1,1,2,1,2,1,16.67,0,4,3,0.055555544444444445,2
1,2,0,2,5,4,4,4,0,0,0,1,1,2,1,0.0,0,3,3,0.9999998,2
1,2,1,2,4,4,4,4,0,0,1,1,1,2,1,0.0,0,3,3,0.00044,2
2,2,1,2,4,4,4,4,1,1,0,1,1,2,1,12.5,0,2,2,0.08333331666666667,2
2,2,1,2,5,5,4,5,0,0,1,3,1,2,1,0.0,0,3,3,0.023478,1
1,2,0,2,5,5,3,4,0,0,1,2,2,5,1,36.36,1,3,3,0.00010872727272727274,2
1,2,0,2,5,4,4,5,0,0,0,2,2,3,2,33.33,0,3,3,0.00016666666666666666,2
2,2,1,2,5,4,4,5,0,0,1,3,2,3,1,11.76,1,3,4,0.0010119,1
1,2,0,2,5,5,4,5,0,0,1,2,2,3,1,12.5,0,3,3,0.000125,2
1,2,0,2,5,5,5,5,0,0,1,1,2,1,1,0.0,0,2,4,0.0005,2
2,2,0,2,5,5,5,5,0,1,1,3,2,5,1,20.0,1,3,3,0.00127348,1
1,0,0,2,4,5,4,4,0,0,1,1,2,3,3,0.0,0,2,2,0.2857142285714286,3
2,0,0,2,3,4,4,4,0,0,0,1,1,4,4,0.0,1,3,2,0.07692306153846154,1
0,0,0,2,4,4,5,4,0,0,0,1,2,1,3,0.0,0,2,2,0.624999875,3
2,0,0,2,5,5,4,4,0,0,0,1,1,5,4,0.0,0,2,2,0.3333332666666667,3
1,0,0,2,4,5,4,4,0,0,0,1,1,4,6,0.0,0,2,2,0.3333332666666667,3
2,1,0,2,4,4,4,4,0,0,0,2,1,6,5,0.0,0,3,2,0.09999998,1
1,0,0,1,3,4,4,4,0,0,0,1,1,4,6,0.0,0,2,2,0.3333332666666667,3
2,0,0,2,4,4,5,3,0,1,1,2,1,4,4,0.0,0,2,2,0.0006087666666666667,1
1,0,0,0,4,4,4,4,1,1,1,1,1,1,4,0.0,0,4,3,0.0003175,1
2,1,0,2,3,3,3,4,0,1,1,3,1,2,5,0.0,0,4,2,0.001475,1
2,1,0,2,4,4,4,4,0,0,0,2,1,3,6,0.0,0,4,2,0.0007482758620689654,1
2,2,0,2,5,4,4,4,1,1,0,1,1,3,4,0.0,0,4,3,6.054e-05,1
2,2,1,2,5,3,3,4,0,1,1,3,1,2,5,15.0,0,3,4,0.00250625,1
2,2,0,2,4,4,4,4,0,1,1,2,1,3,5,25.64,0,4,2,0.001441025641025641,1
2,2,0,2,3,3,3,3,0,1,1,2,3,3,3,55.0,1,3,3,0.00076532,1
2,2,0,2,2,4,2,2,0,1,1,2,1,6,4,25.0,1,4,1,0.000675,1
2,2,0,2,3,2,4,4,0,1,1,2,3,2,1,30.0,0,3,3,0.09999998,3
2,0,0,2,4,4,4,4,0,1,1,2,1,5,6,0.0,0,4,2,0.00235,1
1,2,0,2,2,4,2,2,1,0,1,1,2,2,3,0.0,0,2,3,0.0012,1
1,2,0,2,3,4,4,3,0,1,1,2,2,3,3,0.0,0,3,1,0.0008333333333333334,1
2,2,1,2,4,4,4,4,0,0,1,2,1,2,6,0.0,0,2,3,0.0016085714285714286,1
1,2,0,2,4,4,5,4,0,0,0,2,2,4,2,26.32,1,2,3,0.000385221052631579,1
2,1,1,2,4,4,4,4,1,0,1,1,3,1,4,0.0,0,2,2,0.00024,1
2,2,0,1,4,4,4,4,0,0,1,2,1,2,1,0.0,0,2,4,0.3333332666666667,1
2,1,1,2,3,3,3,3,0,0,1,2,3,1,5,0.0,0,1,3,0.011,1
1,2,0,2,3,4,4,3,1,1,1,1,3,3,2,0.0,1,3,2,7.133333333333332e-05,1
2,2,0,2,5,5,5,4,1,0,1,2,3,4,1,10.0,1,2,4,0.00085395,1
1,0,0,2,3,4,4,4,1,0,0,1,1,6,7,0.0,0,4,5,0.00016666666666666666,1
2,2,0,2,5,4,5,4,1,0,0,1,1,6,4,0.0,1,1,2,0.00017966666666666665,2
2,2,0,2,4,4,3,5,0,0,1,2,1,4,7,0.0,0,3,3,9.333333333333333e-05,1
1,0,0,0,3,4,4,5,1,0,1,1,1,2,6,0.0,0,3,4,0.00023,1
2,1,0,2,4,3,4,3,0,1,1,2,3,3,3,30.0,1,2,4,0.00118,1
2,2,0,2,4,5,3,5,0,0,1,1,1,4,7,0.0,0,3,3,0.00013,1
0,1,0,2,4,5,3,4,1,1,1,1,1,6,4,0.0,0,1,1,0.00143,1
1,2,0,2,4,5,4,4,0,0,1,2,3,1,1,0.0,0,2,3,0.0027222222222222222,1
2,1,0,2,4,4,4,4,1,1,1,2,2,2,1,0.0,0,3,2,0.0023846153846153848,1
2,2,0,2,3,4,5,3,1,0,1,2,2,2,1,10.0,0,3,4,0.00196,1
2,2,1,2,4,4,4,4,1,1,0,1,2,1,7,0.0,0,2,3,0.00417,1
2,0,0,2,3,3,3,2,1,1,1,1,2,6,2,0.0,0,2,3,0.19999996,1
2,2,0,0,5,5,5,5,1,0,1,2,1,2,6,0.0,0,1,2,0.0037618,3
1,0,0,2,4,5,5,5,1,1,1,1,2,6,7,100.0,0,2,1,2.5230252302523024e-08,2
2,1,1,0,5,5,5,4,1,1,0,2,1,5,6,0.0,1,2,3,0.0024036923076923076,1
1,2,0,2,5,4,5,4,1,1,1,2,3,2,1,0.0,0,1,1,0.6666665333333334,1
2,2,1,2,5,4,4,4,1,1,1,3,1,5,6,0.0,0,3,2,0.06666665333333334,1
1,1,0,0,4,3,4,3,1,0,1,1,1,2,4,0.0,0,3,2,0.0007066666666666666,1
1,0,0,2,4,5,4,3,0,0,1,1,1,2,6,0.0,0,2,4,9.190163934426229e-05,1
2,2,0,1,4,4,5,4,0,1,1,2,1,5,4,0.0,0,2,2,0.00090224,1
2,2,1,2,4,4,3,2,0,0,1,3,2,1,1,0.0,0,3,4,0.0046,1
1,1,0,2,4,3,4,4,1,1,1,1,1,3,4,0.0,0,3,1,0.00038760000000000004,1
2,0,0,2,5,5,5,5,0,1,1,1,1,3,5,0.0,0,1,3,0.3846153076923077,2
2,1,1,2,5,5,5,5,1,1,1,3,2,6,3,20.59,0,5,5,0.14705879411764705,1
1,0,0,2,4,4,3,4,1,1,1,1,1,6,5,0.0,0,1,1,0.3124999375,1
2,0,0,2,4,5,5,4,1,1,1,1,2,5,3,0.0,0,1,1,0.35714278571428576,1
2,1,0,2,5,5,5,5,1,1,1,3,2,2,1,10.84,0,1,1,0.12048190361445783,1
2,0,0,2,3,4,4,4,1,1,1,2,2,6,3,19.35,0,1,1,0.16129029032258063,2
2,0,0,2,5,5,5,5,1,0,0,2,2,3,3,15.52,0,1,1,0.17241375862068964,1
2,1,0,2,3,5,4,4,1,0,1,2,2,6,1,0.0,0,1,1,4.4379310344827585e-05,1
1,0,0,2,5,4,3,4,1,0,0,1,1,2,7,0.0,0,3,3,0.00017035,1
2,2,0,0,5,5,5,5,0,0,0,2,1,1,5,0.0,0,2,3,0.0073073999999999995,1
1,0,0,2,5,5,5,5,1,0,0,1,1,2,7,0.0,0,1,1,0.0003184,1
1,2,0,2,5,4,5,5,1,1,1,2,2,2,1,0.0,1,3,1,0.00158076,1
1,2,0,2,5,5,5,5,1,1,1,1,2,5,4,0.0,0,2,1,0.0001954,1
1,2,0,2,5,5,5,5,0,1,1,2,1,2,1,0.0,1,1,1,0.004229571428571428,1
1,2,0,2,5,5,5,4,1,0,1,1,1,2,6,0.0,1,2,2,0.0016268333333333332,1
1,2,0,2,5,5,4,4,1,1,1,2,2,2,3,15.0,1,2,1,0.00180255,1
1,2,0,2,4,5,5,5,1,0,1,1,1,4,5,0.0,0,1,2,0.0009575,1
1,0,0,2,5,5,5,5,1,0,1,1,2,2,1,33.33,1,1,2,0.0005816333333333333,1
1,0,0,2,5,5,5,4,1,0,1,1,1,5,6,0.0,0,1,2,0.000347,1
1,0,0,2,5,5,5,5,1,0,1,1,1,4,5,0.0,0,2,2,0.0017902,1
2,2,0,2,5,5,5,5,1,0,1,1,2,2,3,40.0,0,2,1,0.00060936,1
2,2,1,1,5,5,4,5,0,0,1,2,2,3,1,0.0,0,3,1,0.0017521142857142857,1
1,2,0,2,4,5,4,5,0,1,1,2,1,2,3,13.89,0,3,1,0.0004519166666666667,1
2,2,0,2,5,5,5,5,0,1,1,2,2,2,3,0.0,0,2,1,0.0024207,1
1,0,0,0,5,5,4,5,0,0,0,1,2,1,1,0.0,0,1,1,0.0029344285714285718,1
2,2,0,2,5,4,4,4,0,0,0,2,2,2,3,0.0,0,2,1,0.006265333333333333,1
1,1,0,2,5,5,5,5,1,1,1,1,2,4,1,16.67,1,1,1,0.00036773333333333335,1
1,2,0,2,4,3,4,5,0,0,1,1,1,2,1,2.86,0,2,1,0.00024245714285714285,1
1,0,0,2,5,5,4,4,1,0,0,1,2,2,4,5.0,0,2,1,0.0006339500000000001,1
1,2,0,2,5,5,5,5,1,0,1,1,2,5,4,0.0,0,2,1,0.00104,1
2,0,0,2,5,5,5,5,1,0,0,1,2,3,3,0.0,0,1,1,0.00047789999999999996,1
1,2,0,2,5,5,5,5,1,1,1,1,2,3,4,0.0,1,2,1,0.0005009411764705882,1
1,2,0,1,3,4,3,3,1,0,0,2,2,1,1,0.0,0,3,3,0.004397466666666666,1
1,2,0,2,4,4,4,4,0,1,1,1,1,4,6,13.33,0,2,1,0.0006533333333333333,1
1,1,0,2,4,4,4,4,0,1,1,1,2,5,1,0.0,0,2,2,0.002,1
1,1,0,1,4,4,4,4,1,0,1,1,1,3,3,36.36,1,2,2,0.0003331212121212121,1
2,2,1,2,5,5,5,5,0,0,1,3,2,2,1,6.67,0,3,3,0.0017003466666666667,1
2,2,1,2,5,5,5,5,0,1,1,3,1,3,5,16.25,1,2,3,0.0021343499999999997,1
0,0,0,2,4,5,4,4,0,1,0,1,1,4,6,0.0,0,2,2,0.000275,1
1,2,0,2,5,5,5,5,1,1,1,2,2,1,1,14.29,0,3,3,0.00124,1
1,2,0,2,4,5,5,4,0,1,1,2,2,4,1,13.89,0,2,2,0.0005833333333333334,1
1,2,0,2,5,5,5,5,0,0,1,2,1,2,4,0.0,1,2,3,0.0017333333333333333,1
1,2,0,2,5,5,5,5,0,0,1,2,1,2,5,0.0,1,3,3,0.04999999,1
1,2,1,2,5,5,4,4,0,1,1,1,1,5,6,0.0,0,1,3,0.0004533333333333333,1
0,0,0,0,4,4,4,3,0,0,1,1,2,5,6,0.0,0,1,2,8e-05,2
2,1,0,2,3,3,2,2,1,1,1,2,2,3,4,20.0,1,3,5,0.0006,1
2,2,1,2,5,5,5,5,0,1,1,3,2,3,1,37.5,0,2,2,0.0008333333333333334,1
2,2,1,2,5,5,5,5,1,1,1,3,2,3,1,21.14,0,3,3,0.0012857142857142859,1
2,2,1,2,5,5,5,5,1,1,1,3,2,3,1,21.71,1,3,3,0.0012857142857142859,1
2,2,0,2,5,5,5,5,1,1,1,3,2,6,1,0.0,0,2,4,0.0011304347826086958,1
1,2,0,2,5,5,5,5,1,1,1,1,1,3,4,0.0,0,1,1,0.002,1
1,2,1,2,4,4,4,3,0,1,1,2,3,2,1,0.0,0,3,3,0.0009808,1
1,2,1,2,3,3,4,3,0,1,1,2,3,5,1,0.0,0,3,3,0.00039893999999999997,1
2,2,0,2,4,5,4,4,0,0,1,1,3,1,1,10.0,0,2,4,0.0008437000000000001,1
2,2,0,0,3,3,3,3,0,1,1,2,2,5,1,20.59,0,3,3,0.0008823529411764706,1
2,0,1,2,4,4,4,4,0,0,0,1,1,3,7,0.0,0,3,2,0.39999992,2
1,1,0,1,5,5,5,5,1,1,1,1,3,3,4,0.0,0,3,3,0.0008003999999999999,1
2,1,0,1,4,4,3,4,1,1,1,2,2,4,1,62.0,1,2,3,0.00016533333333333333,2
1,2,0,2,4,4,4,3,1,0,1,2,3,3,6,7.5,0,3,3,0.0017,1
2,2,0,0,4,4,3,3,1,0,1,3,3,2,1,15.0,1,2,2,0.00087402,1
2,2,1,2,5,5,5,5,1,1,1,3,3,3,1,44.0,1,3,1,0.0008328,1
2,2,1,2,5,4,5,4,1,1,1,3,3,3,1,35.71,0,3,3,0.03571427857142857,1
1,0,0,0,3,4,3,4,1,0,1,1,2,3,3,0.0,0,3,2,0.000177125,1
2,0,0,2,4,4,4,4,0,0,0,1,1,3,5,0.0,0,1,2,0.9999998,1
2,1,0,2,4,3,3,3,0,1,1,1,2,6,2,0.0,0,3,3,1.111110888888889,1
2,2,0,2,4,4,4,4,0,1,1,2,2,1,1,0.0,0,3,3,1.2964283121428555,1
1,1,0,1,3,2,1,2,1,0,0,2,3,2,4,57.14,0,3,2,0.0016117714285714285,1
1,0,1,2,4,5,4,5,1,0,0,1,1,3,7,0.0,0,3,4,0.24999995,1
1,0,1,2,4,5,4,5,1,0,0,1,1,3,7,0.0,0,3,4,0.2702702162162162,1
1,2,0,2,4,4,3,4,0,0,1,1,1,4,5,0.0,0,3,3,0.11904759523809523,1
2,2,1,2,4,5,4,4,0,1,0,3,2,6,4,0.0,0,3,3,0.00065,1
0,0,0,1,4,5,3,3,1,0,0,1,2,5,2,12.5,0,4,3,6.25e-05,3
1,0,0,1,4,4,4,3,1,1,0,1,2,4,2,0.0,0,4,3,0.00012,2
2,2,0,2,3,3,4,4,0,1,0,2,1,1,6,0.0,0,4,3,0.0002666666666666667,3
2,2,0,2,4,3,4,5,0,1,1,2,1,3,5,0.0,0,4,3,0.0013066666666666667,1
1,0,0,2,4,4,4,5,0,0,1,1,1,3,5,9.68,0,3,2,0.000967741935483871,1
1,1,0,2,4,5,4,4,0,0,1,1,1,3,5,0.0,0,3,2,0.006270086956521739,4
2,2,0,2,5,4,5,4,1,0,1,2,1,6,6,0.0,1,4,3,1.2964283121428555,1
0,0,0,0,4,4,4,4,0,0,1,1,3,2,7,0.0,0,2,2,0.00092,1
2,2,0,2,4,4,4,4,0,1,1,1,1,2,4,8.47,0,2,2,0.0006101694915254237,1
1,2,0,2,4,5,4,4,0,0,1,1,1,1,6,0.0,0,3,3,0.000775,1
2,1,0,2,5,4,5,3,0,0,1,1,1,6,6,14.81,0,3,3,0.0006592592592592593,1
2,2,0,2,4,4,4,3,1,0,1,2,1,4,6,0.0,0,3,3,0.5882351764705882,1
2,2,0,2,4,4,5,4,0,1,0,2,1,2,6,0.0,0,3,5,0.0010571428571428572,1
2,2,0,2,4,3,5,4,0,1,1,3,1,4,1,25.0,1,2,2,0.00075,1
1,2,0,2,5,4,5,5,0,1,1,2,1,4,5,0.0,0,2,1,0.39999992,1
1,0,1,2,5,4,4,3,0,1,1,2,1,4,6,0.0,0,3,4,0.0010266666666666668,1
2,1,0,2,4,4,5,3,0,0,1,1,1,6,6,0.0,0,3,3,0.0004105263157894737,1
2,1,0,2,4,4,4,5,1,0,1,1,2,3,3,25.0,0,3,2,0.00059715,1
1,0,0,0,4,5,4,4,0,1,1,1,1,1,3,0.0,1,3,2,0.0022,1
2,0,0,0,4,4,3,5,0,0,0,2,1,2,3,0.0,0,3,1,0.00185,1
2,1,0,2,3,4,4,4,1,0,1,1,1,3,7,0.0,0,3,2,0.0008888888888888889,1
1,1,0,2,5,5,5,5,0,1,0,2,1,4,7,0.0,0,2,2,0.0009017291666666667,1
2,2,1,2,5,5,5,5,0,0,1,3,2,1,1,15.29,0,5,5,0.0016294117647058825,1
2,2,0,2,5,5,5,5,0,1,1,2,2,4,1,50.0,1,4,4,0.0006083333333333333,1
2,2,0,2,5,5,5,5,0,1,1,2,2,5,1,31.11,0,4,4,0.0010555555555555557,1
2,2,0,1,5,5,5,5,0,1,1,2,2,3,3,33.33,0,4,4,0.0009666666666666667,1
2,2,0,2,5,4,4,5,0,0,1,2,2,1,4,0.0,1,4,4,0.00754,1
2,2,1,2,5,5,5,4,0,1,1,3,2,2,4,10.0,0,4,5,0.00246,1
1,1,0,0,3,3,2,2,1,1,0,1,1,2,5,0.0,0,3,3,1.2964283121428555,1
2,2,0,0,5,4,3,3,0,0,0,3,3,1,4,0.0,1,1,3,0.007727633333333333,1
2,2,0,2,4,5,4,3,0,1,1,2,2,3,1,27.27,1,2,3,0.0009090909090909091,1
1,2,0,2,3,3,2,3,0,0,1,2,2,3,3,24.39,1,3,4,0.0009376341463414634,1
2,2,0,2,3,2,1,1,0,1,1,2,2,2,4,69.57,1,3,1,0.0012110217391304347,1
2,2,1,1,4,3,5,4,0,0,0,3,2,4,3,6.67,0,2,2,0.0010293333333333333,1
2,2,1,2,4,4,4,3,0,1,1,3,2,3,3,38.46,0,3,3,0.0004961538461538461,1
1,2,0,2,4,4,3,3,0,1,1,2,2,3,4,26.53,1,3,4,0.0007181836734693877,1
1,2,0,2,3,3,4,2,0,0,1,2,1,1,4,0.0,0,2,2,0.24999995,1
1,2,0,2,5,5,5,5,0,1,1,2,1,3,1,30.0,1,1,2,0.24999995,1
1,2,1,2,5,5,5,5,1,0,1,3,3,5,1,15.38,0,3,5,0.0005505153846153846,3
1,1,0,1,3,3,3,2,0,1,0,2,2,6,6,0.0,0,3,4,0.001939,1
1,2,0,2,4,3,3,3,0,0,1,2,3,1,1,0.0,0,2,3,0.02,1
1,1,0,2,3,4,4,4,0,1,1,2,2,3,3,40.0,0,2,3,0.00079926,1
0,2,0,1,4,3,4,3,1,1,0,1,1,4,7,0.0,0,2,3,0.00045811111111111107,1
1,2,0,2,4,5,4,4,1,1,1,1,2,4,3,11.43,0,1,2,0.00023637142857142857,1
1,2,1,2,5,5,5,5,0,1,1,2,1,5,6,0.0,0,3,3,0.0066,1
1,0,0,2,4,5,5,5,1,1,1,2,2,2,4,0.0,1,3,2,0.000645,1
2,2,1,2,4,4,5,4,0,1,1,3,3,1,1,23.33,0,3,4,0.0016360222222222222,1
1,0,1,2,5,5,5,5,1,0,1,1,1,5,6,0.0,0,3,3,0.0003252,1
1,2,0,2,5,5,5,5,0,0,1,1,3,3,6,0.0,1,1,3,0.0001288888888888889,1
1,2,0,2,5,5,5,5,1,0,1,2,3,2,1,6.67,0,1,2,0.005248266666666666,1
1,0,0,2,4,4,5,5,1,0,0,1,1,4,7,0.0,0,4,3,1.8083333333333334e-05,1
2,2,1,2,4,4,4,4,0,1,1,2,1,2,6,0.0,0,4,3,0.00195,1
1,2,0,2,5,5,4,4,0,0,1,1,2,2,7,50.0,0,1,2,0.0008,2
2,2,1,2,5,5,4,5,0,1,1,3,2,3,1,10.0,1,1,3,0.0014011764705882353,1
2,2,1,2,4,5,4,5,0,0,1,3,2,3,1,10.0,1,2,3,0.0015313636363636363,1
2,2,0,2,4,4,4,4,0,0,1,2,2,2,1,70.59,1,2,2,0.008294117647058823,1
0,0,0,2,4,4,4,3,1,0,0,1,1,2,4,4.0,1,3,3,0.00052692,1
0,0,0,0,3,4,3,4,1,0,0,1,2,2,3,3.85,0,1,1,0.0001266153846153846,1
2,2,0,2,4,4,4,4,0,0,1,2,2,2,1,40.0,1,2,2,0.0002419,2
2,2,0,2,5,5,5,5,0,1,1,2,2,6,1,0.0,1,2,1,0.0025,1
2,2,0,2,5,5,5,5,0,1,1,2,1,6,4,0.0,1,2,1,0.0005971428571428571,1
2,2,1,2,4,4,4,3,1,1,1,3,2,3,1,42.86,0,3,3,0.0011285714285714287,1
2,1,1,2,3,2,4,2,0,1,1,2,2,5,1,40.0,0,4,4,0.0008021666666666666,1
1,2,0,1,3,3,3,3,0,0,1,3,3,1,1,0.0,0,3,3,0.02564230769230769,1
2,2,0,2,5,5,3,4,1,0,1,1,1,2,7,0.0,0,1,2,0.0012994444444444444,1
1,2,0,2,5,4,5,5,0,1,1,2,1,3,6,0.0,0,1,2,0.007918333333333333,1
2,2,1,2,5,5,5,5,1,1,1,2,2,5,2,0.0,0,3,3,0.0007821666666666666,2
2,2,0,2,5,4,5,5,0,0,1,2,2,6,4,0.0,0,2,1,0.010721428571428571,2
2,2,0,2,5,4,5,5,0,1,1,3,2,5,7,0.0,0,2,1,0.00644925,1
2,2,1,2,5,5,5,5,1,0,0,3,2,4,6,4.0,0,2,4,0.001864,1
2,2,1,2,5,4,5,4,1,1,1,3,3,2,4,43.86,0,1,2,0.0019913333333333332,1
2,1,0,2,4,4,3,3,1,1,1,2,3,3,1,20.0,1,2,2,0.00061402,1
2,1,0,0,4,4,5,4,1,0,0,2,3,1,1,0.0,0,1,3,0.09417053333333333,1
2,1,1,2,4,3,3,4,1,0,1,2,2,3,1,13.85,0,3,2,0.0006168615384615384,1
2,2,0,2,5,3,5,4,0,1,1,3,2,3,1,0.0,0,3,4,0.0013502307692307694,1
2,2,1,2,5,4,5,4,0,0,1,3,2,1,1,0.0,0,2,3,0.00723775,1
1,1,0,0,3,4,4,3,1,0,0,1,1,3,6,0.0,1,1,4,0.00010142857142857143,1
2,2,1,2,4,4,5,5,1,1,1,3,1,2,5,6.67,0,1,4,0.0021000285714285714,1
2,2,0,2,4,4,3,4,0,0,0,1,1,2,6,0.0,0,2,2,0.0009333333333333333,1
2,2,0,2,5,5,5,5,0,1,1,2,1,2,7,0.0,0,2,2,0.0016174545454545454,1
2,1,0,2,4,4,5,5,1,0,1,2,2,4,4,0.0,0,1,1,0.0016576666666666667,1
2,2,1,2,4,5,4,4,1,0,1,2,1,4,7,0.0,0,3,3,0.0014139,1
2,2,0,2,3,4,4,3,0,0,1,3,1,4,4,0.0,1,3,4,0.0006554519230769231,1
1,2,0,2,4,4,4,4,0,0,1,3,1,1,6,0.0,0,3,3,0.017333333333333333,1
2,2,0,2,3,3,3,3,0,0,1,3,3,1,1,0.0,0,3,3,0.004375,1
2,2,1,2,4,5,5,5,1,1,1,3,1,2,5,32.05,1,2,2,0.007307692307692308,1
2,1,0,0,1,2,3,2,0,1,1,3,2,2,1,27.0,0,3,2,0.00285512,1
1,2,1,2,4,3,5,3,1,0,1,2,1,5,6,0.0,0,3,4,0.002481,1
2,2,1,1,4,4,4,4,0,1,1,2,2,1,4,0.0,0,4,2,0.009233333333333335,1
2,2,0,2,4,4,4,4,1,1,1,1,2,3,3,0.0,0,1,3,0.00051225,1
2,2,1,2,5,5,5,4,0,1,1,2,2,3,4,8.89,0,3,3,0.0009173555555555556,1
2,2,0,1,2,4,4,4,0,1,1,2,3,6,1,20.0,1,2,3,0.0007726499999999999,1
2,2,1,2,4,3,4,2,0,1,1,2,2,6,6,4.17,1,2,4,0.0002833333333333333,1
1,2,1,2,4,4,5,5,0,1,1,2,2,2,4,0.0,1,1,2,0.0014,1
2,2,1,2,5,4,4,4,0,0,1,3,3,1,1,0.0,0,3,5,0.017484,1
2,1,0,1,3,3,2,3,0,1,0,2,1,3,6,0.67,0,3,3,0.00030218666666666666,1
2,2,0,2,3,3,5,5,1,1,1,1,3,4,1,0.0,0,4,4,0.000356725,1
2,2,0,2,4,3,4,3,0,1,1,3,3,6,1,0.0,1,1,2,0.0026311625,1
2,2,0,2,4,5,4,4,0,1,1,2,2,3,1,4.0,1,4,5,0.00106854,1
2,2,0,2,4,4,4,3,0,0,0,3,3,1,1,0.0,0,1,3,0.0025,1
2,2,0,1,5,5,5,5,1,0,0,1,1,1,4,0.0,0,1,1,1.24999975,2
1,2,1,2,5,5,5,5,0,1,1,2,1,5,6,0.0,0,3,3,0.0018934615384615385,1
2,2,0,2,4,4,4,4,0,0,1,3,1,2,1,100.0,0,1,1,7.670076700767007e-06,1
2,0,0,2,4,4,4,4,0,1,0,1,1,5,6,0.0,1,1,1,0.001718,1
2,1,0,1,2,2,3,2,1,1,1,2,3,3,1,40.0,1,3,3,0.0007216666666666667,3
2,2,1,2,5,5,5,3,1,1,1,3,2,4,1,21.43,1,2,2,0.0007355678571428571,1
1,1,0,0,5,5,5,5,1,0,0,1,2,3,6,0.0,0,2,3,0.015,1
2,2,1,2,5,5,5,5,0,0,0,3,3,1,1,0.0,0,1,2,0.013,1
2,1,1,2,4,3,3,3,0,1,1,2,1,3,4,0.0,1,4,3,0.0006395454545454545,1
2,2,1,1,5,4,3,1,1,1,1,3,3,2,1,10.0,1,2,4,0.0033333333333333335,1
1,0,0,0,5,5,5,4,1,0,1,1,2,5,6,0.0,0,1,3,0.0005,1
2,2,0,2,5,4,5,5,0,1,1,2,2,4,1,37.5,0,3,3,0.0005635750000000001,1
1,1,0,2,4,4,4,4,0,1,1,3,1,5,4,0.0,0,3,1,0.009502777777777777,1
2,1,1,2,3,3,2,2,1,0,1,3,2,3,3,15.0,1,2,3,0.000905,1
2,1,0,0,2,2,3,3,0,1,0,3,1,6,1,0.0,1,3,3,0.001875,1
1,1,0,1,2,3,2,1,1,1,1,2,1,4,3,0.0,1,2,3,0.00993384,1
2,1,1,1,3,2,3,2,0,1,1,2,1,6,3,3.33,1,2,4,0.00034032666666666665,1
2,2,0,0,4,4,4,3,0,0,0,2,2,1,4,0.0,0,2,3,0.0085258,1
1,0,0,1,4,3,5,3,1,1,1,1,3,2,1,0.0,0,3,5,0.000447,1
2,2,0,2,5,4,4,5,0,1,1,2,1,2,4,0.0,0,3,3,0.000819625,1
2,2,0,2,4,3,4,4,0,1,1,2,2,2,2,33.33,1,4,3,0.0006361666666666666,1
2,2,1,2,5,5,5,5,0,1,1,3,2,6,5,19.23,0,1,3,0.057692307692307696,1
2,1,0,2,3,3,4,3,0,0,0,2,2,1,3,0.0,1,4,4,0.002,1
1,2,0,2,4,4,4,4,1,1,1,1,2,4,1,0.0,0,2,2,0.0005026000000000001,1
2,1,0,2,3,3,3,3,0,1,1,3,3,5,1,0.0,1,2,4,0.00145736,1
2,2,1,2,5,4,5,5,0,1,1,3,1,3,6,0.0,0,4,4,0.0031884057971014496,1
2,2,1,2,4,4,5,4,0,0,0,3,2,2,4,0.0,1,2,2,0.002036257142857143,1
2,2,0,2,4,5,5,5,1,1,1,3,3,1,1,0.0,0,3,4,0.00557025,1
2,2,1,2,5,3,5,5,1,1,1,3,1,4,1,25.0,1,2,2,0.0055,1
2,2,1,2,5,4,5,4,1,1,1,3,1,5,5,0.0,1,2,3,0.001577142857142857,1
1,2,0,0,4,4,4,3,0,1,1,2,2,2,3,5.0,0,3,2,0.0068395,1
2,2,0,2,5,4,5,5,1,1,1,2,1,5,6,0.0,1,1,3,0.0028586875,1
2,2,0,2,5,4,3,4,1,0,0,3,3,1,1,0.0,0,1,4,0.0132,1
2,2,1,2,5,4,5,5,0,1,1,3,3,2,1,4.0,0,2,2,0.00256,1
2,2,1,2,4,3,4,4,0,0,1,3,1,5,6,0.0,0,2,2,0.03133,1
2,2,0,2,3,2,5,4,0,0,1,1,2,2,4,0.0,1,4,1,0.0007800714285714286,1
2,2,1,2,5,3,5,2,0,1,1,3,1,4,5,33.0,0,3,4,0.00342775,1
2,1,1,2,5,5,5,5,0,1,1,3,1,3,5,58.57,0,3,3,0.0046214285714285715,1
2,2,0,2,5,4,5,3,1,1,1,3,2,5,1,0.0,1,2,2,0.0005817250000000001,1
2,2,1,2,5,5,5,4,1,0,1,1,2,4,1,50.0,0,1,1,0.00076125,1
2,2,0,2,4,5,5,4,1,1,1,3,3,5,1,27.91,0,2,3,0.0011307953488372093,1
2,2,1,2,5,4,4,2,1,0,1,3,3,6,1,14.29,0,2,4,0.0008571428571428571,1
2,2,1,2,4,4,4,5,1,1,1,3,3,4,3,32.0,1,3,3,0.00113856,1
2,2,0,2,5,5,5,5,0,0,0,3,1,1,7,0.0,0,3,2,0.0157065,2
2,2,1,2,4,4,5,4,0,1,1,3,1,2,5,12.5,1,3,4,0.004,1
2,1,1,2,5,4,5,5,0,1,1,3,2,2,1,40.0,0,2,4,0.0012,1
2,1,0,0,5,4,5,5,0,0,1,2,1,1,1,40.0,0,1,2,0.0007559600000000001,1
2,2,0,2,4,3,4,2,1,1,1,3,3,1,1,4.0,0,3,5,0.0125484,1
2,2,1,2,4,3,5,3,0,0,1,3,3,3,1,16.67,1,3,3,0.0008097722222222222,1
2,2,0,2,3,3,5,2,1,1,1,3,3,3,1,60.0,0,3,3,0.0071221999999999995,1
2,2,0,2,4,3,4,4,0,0,0,2,1,4,3,0.0,1,3,3,0.00048072857142857144,1
2,1,1,2,4,4,5,4,0,1,1,3,1,5,6,0.0,0,2,3,0.003737373737373737,1
2,2,1,2,5,5,5,5,1,0,1,3,1,4,7,0.0,0,2,1,0.0013333333333333333,2
2,2,0,2,3,4,4,4,0,0,0,3,2,1,6,0.0,0,2,3,0.002031428571428571,1
2,2,1,2,5,5,5,4,0,0,1,3,2,4,1,32.8,0,2,3,0.001215768,1
2,2,1,2,4,4,5,4,0,1,1,3,2,5,2,0.62,1,3,2,0.0010697222222222221,1
2,2,1,2,5,5,5,3,1,1,1,3,3,2,1,7.69,1,2,3,0.0022427846153846155,1
2,2,1,2,4,5,5,5,0,0,1,2,1,2,7,0.0,0,3,1,0.10309276288659794,2
2,2,0,2,4,4,5,5,1,0,0,2,3,1,6,0.0,0,3,3,0.028571428571428574,3
2,2,0,2,3,5,4,3,0,0,0,3,2,2,6,0.0,0,3,4,0.0057407,1
1,0,0,2,4,4,4,4,1,1,1,3,3,5,3,0.0,1,2,1,0.0019,1
